#     Step;    Sim. Time;   Iter;    t_Ener;    t_Grad;       Temp;       E_Kin;           E_Pot;           E_Tot;        Cons.Qty;   E.Drift;   Av.Press.
         0;          0.0;       ;      0.07;          ;     300.00;    0.061278;      -65.160720;      -65.099442;                ;          ;            
         1;          0.5;       ;      0.02;          ;     287.34;    0.058693;      -65.158797;      -65.100104;      -65.099398;      0.00;        0.00
         2;          1.0;       ;      0.03;          ;     259.42;    0.052989;      -65.153748;      -65.100759;      -65.099289;      0.27;        0.00
         3;          1.5;       ;      0.02;          ;     231.93;    0.047375;      -65.147350;      -65.099975;      -65.099156;      0.59;        0.00
         4;          2.0;       ;      0.03;          ;     207.67;    0.042418;      -65.141597;      -65.099179;      -65.099050;      0.85;        0.00
         5;          2.5;       ;      0.02;          ;     190.65;    0.038942;      -65.138139;      -65.099197;      -65.099010;      0.95;        0.00
         6;          3.0;       ;      0.02;          ;     183.63;    0.037509;      -65.137646;      -65.100137;      -65.099046;      0.86;        0.00
         7;          3.5;       ;      0.03;          ;     190.05;    0.038820;      -65.139568;      -65.100748;      -65.099133;      0.65;        0.00
         8;          4.0;       ;      0.02;          ;     205.12;    0.041899;      -65.142552;      -65.100654;      -65.099233;      0.40;        0.00
         9;          4.5;       ;      0.02;          ;     218.81;    0.044694;      -65.145035;      -65.100341;      -65.099315;      0.20;        0.00
        10;          5.0;       ;      0.02;          ;     221.46;    0.045236;      -65.145700;      -65.100465;      -65.099354;      0.11;        0.00
        11;          5.5;       ;      0.02;          ;     213.15;    0.043537;      -65.143932;      -65.100395;      -65.099334;      0.16;        0.00
        12;          6.0;       ;      0.02;          ;     193.08;    0.039438;      -65.140079;      -65.100642;      -65.099255;      0.35;        0.00
        13;          6.5;       ;      0.02;          ;     174.90;    0.035724;      -65.135434;      -65.099710;      -65.099147;      0.62;        0.00
        14;          7.0;       ;      0.02;          ;     155.68;    0.031798;      -65.131623;      -65.099824;      -65.099059;      0.83;        0.00
        15;          7.5;       ;      0.02;          ;     146.19;    0.029861;      -65.130073;      -65.100212;      -65.099034;      0.89;        0.00
        16;          8.0;       ;      0.03;          ;     147.95;    0.030221;      -65.131183;      -65.100962;      -65.099079;      0.78;        0.00
        17;          8.5;       ;      0.03;          ;     164.13;    0.033524;      -65.134267;      -65.100743;      -65.099163;      0.58;        0.00
        18;          9.0;       ;      0.02;          ;     185.39;    0.037868;      -65.138064;      -65.100196;      -65.099249;      0.37;        0.00
        19;          9.5;       ;      0.02;          ;     200.53;    0.040960;      -65.141191;      -65.100231;      -65.099308;      0.22;        0.00
        20;         10.0;       ;      0.03;          ;     206.07;    0.042092;      -65.142634;      -65.100542;      -65.099327;      0.17;        0.00
        21;         10.5;       ;      0.02;          ;     201.70;    0.041198;      -65.142092;      -65.100894;      -65.099303;      0.23;        0.00
        22;         11.0;       ;      0.02;          ;     192.87;    0.039396;      -65.139970;      -65.100573;      -65.099246;      0.37;        0.00
        23;         11.5;       ;      0.02;          ;     188.32;    0.038467;      -65.137155;      -65.098688;      -65.099176;      0.55;        0.00
        24;         12.0;       ;      0.03;          ;     169.86;    0.034695;      -65.134640;      -65.099944;      -65.099118;      0.69;        0.00
        25;         12.5;       ;      0.03;          ;     167.39;    0.034191;      -65.133401;      -65.099210;      -65.099100;      0.73;        0.00
        26;         13.0;       ;      0.03;          ;     173.06;    0.035349;      -65.133682;      -65.098332;      -65.099132;      0.65;        0.00
        27;         13.5;       ;      0.02;          ;     181.27;    0.037026;      -65.134962;      -65.097936;      -65.099202;      0.48;        0.00
        28;         14.0;       ;      0.02;          ;     187.62;    0.038324;      -65.136130;      -65.097806;      -65.099275;      0.30;        0.00
        29;         14.5;       ;      0.02;          ;     187.26;    0.038250;      -65.136058;      -65.097808;      -65.099309;      0.22;        0.00
        30;         15.0;       ;      0.03;          ;     177.66;    0.036289;      -65.134243;      -65.097954;      -65.099278;      0.29;        0.00
        31;         15.5;       ;      0.03;          ;     164.83;    0.033668;      -65.131190;      -65.097522;      -65.099195;      0.50;        0.00
        32;         16.0;       ;      0.03;          ;     152.61;    0.031172;      -65.128142;      -65.096970;      -65.099108;      0.71;        0.00
        33;         16.5;       ;      0.02;          ;     144.70;    0.029557;      -65.126397;      -65.096840;      -65.099071;      0.80;        0.00
        34;         17.0;       ;      0.02;          ;     147.32;    0.030092;      -65.126528;      -65.096436;      -65.099104;      0.72;        0.00
        35;         17.5;       ;      0.02;          ;     156.87;    0.032042;      -65.128030;      -65.095988;      -65.099182;      0.53;        0.00
        36;         18.0;       ;      0.02;          ;     164.32;    0.033564;      -65.129709;      -65.096145;      -65.099254;      0.35;        0.00
        37;         18.5;       ;      0.02;          ;     171.31;    0.034992;      -65.130415;      -65.095423;      -65.099284;      0.28;        0.00
        38;         19.0;       ;      0.02;          ;     168.25;    0.034366;      -65.129640;      -65.095273;      -65.099262;      0.33;        0.00
        39;         19.5;       ;      0.02;          ;     158.61;    0.032397;      -65.127666;      -65.095269;      -65.099204;      0.48;        0.00
        40;         20.0;       ;      0.02;          ;     150.92;    0.030828;      -65.125398;      -65.094570;      -65.099137;      0.64;        0.00
        41;         20.5;       ;      0.03;          ;     148.44;    0.030321;      -65.123843;      -65.093522;      -65.099088;      0.76;        0.00
        42;         21.0;       ;      0.02;          ;     146.68;    0.029961;      -65.123740;      -65.093780;      -65.099074;      0.79;        0.00
        43;         21.5;       ;      0.02;          ;     154.07;    0.031470;      -65.125324;      -65.093854;      -65.099099;      0.73;        0.00
        44;         22.0;       ;      0.02;          ;     166.65;    0.034040;      -65.128221;      -65.094180;      -65.099158;      0.59;        0.00
        45;         22.5;       ;      0.02;          ;     175.34;    0.035814;      -65.131505;      -65.095690;      -65.099235;      0.40;        0.00
        46;         23.0;       ;      0.02;          ;     184.85;    0.037756;      -65.133996;      -65.096239;      -65.099301;      0.24;        0.00
        47;         23.5;       ;      0.02;          ;     185.38;    0.037866;      -65.134792;      -65.096926;      -65.099330;      0.17;        0.00
        48;         24.0;       ;      0.02;          ;     179.55;    0.036674;      -65.133514;      -65.096839;      -65.099310;      0.22;        0.00
        49;         24.5;       ;      0.02;          ;     164.11;    0.033522;      -65.130530;      -65.097009;      -65.099243;      0.38;        0.00
        50;         25.0;       ;      0.03;          ;     148.55;    0.030342;      -65.126921;      -65.096578;      -65.099157;      0.59;        0.00
        51;         25.5;       ;      0.03;          ;     139.68;    0.028531;      -65.123999;      -65.095468;      -65.099090;      0.75;        0.00
        52;         26.0;       ;      0.02;          ;     130.18;    0.026591;      -65.122730;      -65.096139;      -65.099076;      0.79;        0.00
        53;         26.5;       ;      0.02;          ;     134.01;    0.027373;      -65.123360;      -65.095987;      -65.099115;      0.69;        0.00
        54;         27.0;       ;      0.02;          ;     145.04;    0.029626;      -65.125298;      -65.095672;      -65.099178;      0.54;        0.00
        55;         27.5;       ;      0.02;          ;     153.37;    0.031327;      -65.127525;      -65.096198;      -65.099234;      0.40;        0.00
        56;         28.0;       ;      0.03;          ;     161.76;    0.033041;      -65.129083;      -65.096043;      -65.099268;      0.32;        0.00
        57;         28.5;       ;      0.03;          ;     159.17;    0.032512;      -65.129425;      -65.096913;      -65.099277;      0.30;        0.00
        58;         29.0;       ;      0.02;          ;     156.36;    0.031938;      -65.128422;      -65.096485;      -65.099263;      0.33;        0.00
        59;         29.5;       ;      0.02;          ;     146.32;    0.029888;      -65.126312;      -65.096424;      -65.099228;      0.42;        0.00
        60;         30.0;       ;      0.02;          ;     133.52;    0.027273;      -65.123670;      -65.096398;      -65.099175;      0.55;        0.00
        61;         30.5;       ;      0.02;          ;     123.85;    0.025297;      -65.121367;      -65.096070;      -65.099116;      0.69;        0.00
        62;         31.0;       ;      0.02;          ;     120.77;    0.024668;      -65.120341;      -65.095672;      -65.099073;      0.80;        0.00
        63;         31.5;       ;      0.02;          ;     123.70;    0.025266;      -65.121251;      -65.095985;      -65.099077;      0.79;        0.00
        64;         32.0;       ;      0.02;          ;     137.98;    0.028184;      -65.124016;      -65.095833;      -65.099143;      0.63;        0.00
        65;         32.5;       ;      0.03;          ;     156.00;    0.031864;      -65.127665;      -65.095800;      -65.099246;      0.37;        0.00
        66;         33.0;       ;      0.02;          ;     173.30;    0.035398;      -65.130628;      -65.095230;      -65.099332;      0.16;        0.00
        67;         33.5;       ;      0.03;          ;     178.76;    0.036513;      -65.131616;      -65.095103;      -65.099348;      0.12;        0.00
        68;         34.0;       ;      0.02;          ;     174.41;    0.035625;      -65.130356;      -65.094731;      -65.099284;      0.28;        0.00
        69;         34.5;       ;      0.02;          ;     159.42;    0.032562;      -65.127790;      -65.095228;      -65.099185;      0.52;        0.00
        70;         35.0;       ;      0.02;          ;     151.40;    0.030925;      -65.125434;      -65.094509;      -65.099120;      0.68;        0.00
        71;         35.5;       ;      0.02;          ;     147.16;    0.030060;      -65.124233;      -65.094174;      -65.099121;      0.68;        0.00
        72;         36.0;       ;      0.02;          ;     145.52;    0.029724;      -65.124182;      -65.094458;      -65.099165;      0.57;        0.00
        73;         36.5;       ;      0.02;          ;     147.15;    0.030057;      -65.124612;      -65.094555;      -65.099207;      0.47;        0.00
        74;         37.0;       ;      0.02;          ;     150.91;    0.030824;      -65.124854;      -65.094029;      -65.099221;      0.44;        0.00
        75;         37.5;       ;      0.03;          ;     153.98;    0.031452;      -65.124606;      -65.093154;      -65.099209;      0.46;        0.00
        76;         38.0;       ;      0.02;          ;     153.21;    0.031294;      -65.123923;      -65.092629;      -65.099187;      0.52;        0.00
        77;         38.5;       ;      0.02;          ;     149.60;    0.030557;      -65.123043;      -65.092486;      -65.099169;      0.56;        0.00
        78;         39.0;       ;      0.02;          ;     143.66;    0.029344;      -65.122225;      -65.092881;      -65.099158;      0.59;        0.00
        79;         39.5;       ;      0.02;          ;     140.53;    0.028705;      -65.121676;      -65.092971;      -65.099151;      0.60;        0.00
        80;         40.0;       ;      0.02;          ;     142.97;    0.029202;      -65.121536;      -65.092334;      -65.099147;      0.61;        0.00
        81;         40.5;       ;      0.02;          ;     144.35;    0.029485;      -65.121877;      -65.092392;      -65.099149;      0.61;        0.00
        82;         41.0;       ;      0.02;          ;     151.17;    0.030877;      -65.122669;      -65.091792;      -65.099165;      0.57;        0.00
        83;         41.5;       ;      0.02;          ;     159.52;    0.032583;      -65.123688;      -65.091106;      -65.099196;      0.50;        0.00
        84;         42.0;       ;      0.02;          ;     167.01;    0.034113;      -65.124459;      -65.090347;      -65.099225;      0.42;        0.00
        85;         42.5;       ;      0.02;          ;     167.66;    0.034246;      -65.124544;      -65.090298;      -65.099224;      0.43;        0.00
        86;         43.0;       ;      0.02;          ;     166.98;    0.034108;      -65.123980;      -65.089872;      -65.099183;      0.53;        0.00
        87;         43.5;       ;      0.03;          ;     162.74;    0.033241;      -65.123405;      -65.090163;      -65.099128;      0.66;        0.00
        88;         44.0;       ;      0.02;          ;     165.53;    0.033810;      -65.123664;      -65.089854;      -65.099104;      0.72;        0.00
        89;         44.5;       ;      0.03;          ;     172.84;    0.035305;      -65.125122;      -65.089817;      -65.099135;      0.64;        0.00
        90;         45.0;       ;      0.02;          ;     189.26;    0.038659;      -65.127299;      -65.088640;      -65.099198;      0.49;        0.00
        91;         45.5;       ;      0.02;          ;     201.49;    0.041157;      -65.129223;      -65.088066;      -65.099246;      0.37;        0.00
        92;         46.0;       ;      0.02;          ;     201.87;    0.041234;      -65.130021;      -65.088787;      -65.099252;      0.36;        0.00
        93;         46.5;       ;      0.02;          ;     203.04;    0.041472;      -65.129500;      -65.088028;      -65.099226;      0.42;        0.00
        94;         47.0;       ;      0.02;          ;     199.21;    0.040690;      -65.127984;      -65.087294;      -65.099186;      0.52;        0.00
        95;         47.5;       ;      0.02;          ;     193.59;    0.039543;      -65.125993;      -65.086450;      -65.099146;      0.62;        0.00
        96;         48.0;       ;      0.03;          ;     186.89;    0.038174;      -65.124066;      -65.085892;      -65.099116;      0.69;        0.00
        97;         48.5;       ;      0.03;          ;     178.94;    0.036550;      -65.122645;      -65.086095;      -65.099097;      0.74;        0.00
        98;         49.0;       ;      0.02;          ;     174.58;    0.035660;      -65.122036;      -65.086376;      -65.099089;      0.76;        0.00
        99;         49.5;       ;      0.02;          ;     176.61;    0.036074;      -65.122377;      -65.086303;      -65.099092;      0.75;        0.00
       100;         50.0;       ;      0.02;          ;     184.94;    0.037776;      -65.123634;      -65.085858;      -65.099108;      0.71;        0.00
       101;         50.5;       ;      0.03;          ;     192.12;    0.039242;      -65.125543;      -65.086301;      -65.099145;      0.62;        0.00
       102;         51.0;       ;      0.03;          ;     198.70;    0.040587;      -65.127532;      -65.086945;      -65.099198;      0.49;        0.00
       103;         51.5;       ;      0.02;          ;     206.10;    0.042097;      -65.128857;      -65.086760;      -65.099245;      0.38;        0.00
       104;         52.0;       ;      0.02;          ;     207.34;    0.042351;      -65.128908;      -65.086556;      -65.099250;      0.36;        0.00
       105;         52.5;       ;      0.02;          ;     202.77;    0.041418;      -65.127658;      -65.086240;      -65.099200;      0.49;        0.00
       106;         53.0;       ;      0.03;          ;     193.73;    0.039571;      -65.125902;      -65.086330;      -65.099124;      0.67;        0.00
       107;         53.5;       ;      0.02;          ;     185.20;    0.037829;      -65.124816;      -65.086987;      -65.099078;      0.78;        0.00
       108;         54.0;       ;      0.02;          ;     188.77;    0.038559;      -65.125131;      -65.086572;      -65.099096;      0.74;        0.00
       109;         54.5;       ;      0.02;          ;     193.61;    0.039547;      -65.126602;      -65.087055;      -65.099161;      0.58;        0.00
       110;         55.0;       ;      0.02;          ;     200.48;    0.040950;      -65.128252;      -65.087302;      -65.099225;      0.42;        0.00
       111;         55.5;       ;      0.02;          ;     201.76;    0.041210;      -65.129137;      -65.087927;      -65.099250;      0.36;        0.00
       112;         56.0;       ;      0.03;          ;     201.32;    0.041122;      -65.128881;      -65.087759;      -65.099228;      0.42;        0.00
       113;         56.5;       ;      0.03;          ;     196.46;    0.040129;      -65.127789;      -65.087660;      -65.099182;      0.53;        0.00
       114;         57.0;       ;      0.03;          ;     194.11;    0.039649;      -65.126509;      -65.086859;      -65.099143;      0.62;        0.00
       115;         57.5;       ;      0.03;          ;     195.32;    0.039897;      -65.125557;      -65.085661;      -65.099130;      0.66;        0.00
       116;         58.0;       ;      0.02;          ;     196.82;    0.040202;      -65.125076;      -65.084874;      -65.099135;      0.64;        0.00
       117;         58.5;       ;      0.03;          ;     198.73;    0.040593;      -65.124920;      -65.084327;      -65.099145;      0.62;        0.00
       118;         59.0;       ;      0.02;          ;     203.15;    0.041496;      -65.124878;      -65.083382;      -65.099151;      0.60;        0.00
       119;         59.5;       ;      0.02;          ;     202.11;    0.041284;      -65.124791;      -65.083507;      -65.099154;      0.60;        0.00
       120;         60.0;       ;      0.02;          ;     200.42;    0.040938;      -65.124576;      -65.083638;      -65.099160;      0.58;        0.00
       121;         60.5;       ;      0.02;          ;     203.39;    0.041543;      -65.124163;      -65.082619;      -65.099170;      0.56;        0.00
       122;         61.0;       ;      0.02;          ;     192.78;    0.039377;      -65.123411;      -65.084033;      -65.099171;      0.56;        0.00
       123;         61.5;       ;      0.02;          ;     189.63;    0.038734;      -65.122419;      -65.083685;      -65.099145;      0.62;        0.00
       124;         62.0;       ;      0.02;          ;     186.21;    0.038035;      -65.121651;      -65.083616;      -65.099098;      0.73;        0.00
       125;         62.5;       ;      0.02;          ;     188.34;    0.038470;      -65.121811;      -65.083341;      -65.099069;      0.81;        0.00
       126;         63.0;       ;      0.02;          ;     196.78;    0.040194;      -65.123320;      -65.083125;      -65.099093;      0.75;        0.00
       127;         63.5;       ;      0.02;          ;     205.04;    0.041881;      -65.125776;      -65.083894;      -65.099169;      0.56;        0.00
       128;         64.0;       ;      0.03;          ;     218.54;    0.044640;      -65.128030;      -65.083391;      -65.099249;      0.37;        0.00
       129;         64.5;       ;      0.03;          ;     228.87;    0.046748;      -65.128906;      -65.082158;      -65.099286;      0.27;        0.00
       130;         65.0;       ;      0.03;          ;     222.04;    0.045353;      -65.127746;      -65.082393;      -65.099261;      0.34;        0.00
       131;         65.5;       ;      0.02;          ;     211.14;    0.043127;      -65.124902;      -65.081775;      -65.099187;      0.52;        0.00
       132;         66.0;       ;      0.02;          ;     197.92;    0.040427;      -65.121495;      -65.081068;      -65.099096;      0.74;        0.00
       133;         66.5;       ;      0.02;          ;     190.10;    0.038830;      -65.118887;      -65.080057;      -65.099030;      0.90;        0.00
       134;         67.0;       ;      0.02;          ;     182.51;    0.037279;      -65.118087;      -65.080808;      -65.099014;      0.94;        0.00
       135;         67.5;       ;      0.02;          ;     186.11;    0.038015;      -65.119356;      -65.081341;      -65.099056;      0.84;        0.00
       136;         68.0;       ;      0.02;          ;     202.69;    0.041401;      -65.122070;      -65.080668;      -65.099133;      0.65;        0.00
       137;         68.5;       ;      0.02;          ;     221.24;    0.045190;      -65.125055;      -65.079865;      -65.099210;      0.46;        0.00
       138;         69.0;       ;      0.03;          ;     230.18;    0.047016;      -65.127046;      -65.080030;      -65.099257;      0.35;        0.00
       139;         69.5;       ;      0.02;          ;     228.66;    0.046706;      -65.127233;      -65.080527;      -65.099265;      0.33;        0.00
       140;         70.0;       ;      0.02;          ;     219.70;    0.044875;      -65.125504;      -65.080629;      -65.099240;      0.39;        0.00
       141;         70.5;       ;      0.02;          ;     206.82;    0.042244;      -65.122307;      -65.080062;      -65.099185;      0.52;        0.00
       142;         71.0;       ;      0.03;          ;     185.59;    0.037909;      -65.118511;      -65.080601;      -65.099106;      0.72;        0.00
       143;         71.5;       ;      0.02;          ;     167.45;    0.034203;      -65.115431;      -65.081228;      -65.099030;      0.90;        0.00
       144;         72.0;       ;      0.02;          ;     159.68;    0.032615;      -65.114271;      -65.081656;      -65.098999;      0.98;        0.00
       145;         72.5;       ;      0.02;          ;     165.05;    0.033713;      -65.115489;      -65.081776;      -65.099036;      0.89;        0.00
       146;         73.0;       ;      0.02;          ;     182.96;    0.037372;      -65.118518;      -65.081147;      -65.099118;      0.69;        0.00
       147;         73.5;       ;      0.02;          ;     204.66;    0.041804;      -65.122093;      -65.080289;      -65.099200;      0.48;        0.00
       148;         74.0;       ;      0.02;          ;     212.99;    0.043504;      -65.124833;      -65.081329;      -65.099251;      0.36;        0.00
       149;         74.5;       ;      0.02;          ;     219.00;    0.044732;      -65.125845;      -65.081113;      -65.099259;      0.34;        0.00
       150;         75.0;       ;      0.02;          ;     217.61;    0.044449;      -65.125019;      -65.080570;      -65.099232;      0.41;        0.00
       151;         75.5;       ;      0.02;          ;     204.34;    0.041739;      -65.122752;      -65.081012;      -65.099181;      0.53;        0.00
       152;         76.0;       ;      0.02;          ;     188.09;    0.038418;      -65.119898;      -65.081479;      -65.099121;      0.68;        0.00
       153;         76.5;       ;      0.02;          ;     178.61;    0.036483;      -65.117472;      -65.080989;      -65.099070;      0.80;        0.00
       154;         77.0;       ;      0.03;          ;     182.85;    0.037349;      -65.116297;      -65.078948;      -65.099043;      0.87;        0.00
       155;         77.5;       ;      0.02;          ;     186.35;    0.038063;      -65.116765;      -65.078702;      -65.099054;      0.84;        0.00
       156;         78.0;       ;      0.02;          ;     193.52;    0.039528;      -65.118669;      -65.079141;      -65.099110;      0.71;        0.00
       157;         78.5;       ;      0.02;          ;     202.57;    0.041377;      -65.121157;      -65.079780;      -65.099193;      0.50;        0.00
       158;         79.0;       ;      0.02;          ;     207.00;    0.042281;      -65.123010;      -65.080728;      -65.099265;      0.33;        0.00
       159;         79.5;       ;      0.02;          ;     217.65;    0.044457;      -65.123231;      -65.078773;      -65.099285;      0.28;        0.00
       160;         80.0;       ;      0.02;          ;     210.76;    0.043049;      -65.121499;      -65.078449;      -65.099237;      0.39;        0.00
       161;         80.5;       ;      0.02;          ;     196.78;    0.040194;      -65.118458;      -65.078263;      -65.099148;      0.61;        0.00
       162;         81.0;       ;      0.02;          ;     183.48;    0.037477;      -65.115440;      -65.077963;      -65.099072;      0.80;        0.00
       163;         81.5;       ;      0.02;          ;     171.19;    0.034967;      -65.113566;      -65.078599;      -65.099052;      0.85;        0.00
       164;         82.0;       ;      0.02;          ;     167.96;    0.034308;      -65.113146;      -65.078838;      -65.099087;      0.76;        0.00
       165;         82.5;       ;      0.02;          ;     174.21;    0.035584;      -65.113642;      -65.078058;      -65.099139;      0.64;        0.00
       166;         83.0;       ;      0.03;          ;     176.90;    0.036134;      -65.114197;      -65.078063;      -65.099170;      0.56;        0.00
       167;         83.5;       ;      0.02;          ;     175.35;    0.035817;      -65.114219;      -65.078401;      -65.099168;      0.56;        0.00
       168;         84.0;       ;      0.02;          ;     170.86;    0.034901;      -65.113693;      -65.078793;      -65.099140;      0.63;        0.00
       169;         84.5;       ;      0.02;          ;     165.80;    0.033866;      -65.113049;      -65.079183;      -65.099102;      0.73;        0.00
       170;         85.0;       ;      0.02;          ;     167.99;    0.034313;      -65.112880;      -65.078568;      -65.099073;      0.80;        0.00
       171;         85.5;       ;      0.02;          ;     172.95;    0.035326;      -65.113635;      -65.078309;      -65.099069;      0.81;        0.00
       172;         86.0;       ;      0.02;          ;     178.24;    0.036407;      -65.115377;      -65.078971;      -65.099097;      0.74;        0.00
       173;         86.5;       ;      0.02;          ;     189.02;    0.038608;      -65.117688;      -65.079079;      -65.099152;      0.60;        0.00
       174;         87.0;       ;      0.02;          ;     199.14;    0.040675;      -65.119813;      -65.079138;      -65.099210;      0.46;        0.00
       175;         87.5;       ;      0.02;          ;     206.59;    0.042197;      -65.120939;      -65.078742;      -65.099242;      0.38;        0.00
       176;         88.0;       ;      0.02;          ;     201.47;    0.041152;      -65.120648;      -65.079496;      -65.099230;      0.41;        0.00
       177;         88.5;       ;      0.02;          ;     194.58;    0.039745;      -65.119209;      -65.079464;      -65.099185;      0.52;        0.00
       178;         89.0;       ;      0.02;          ;     186.07;    0.038006;      -65.117400;      -65.079394;      -65.099133;      0.65;        0.00
       179;         89.5;       ;      0.02;          ;     177.83;    0.036323;      -65.116088;      -65.079765;      -65.099094;      0.74;        0.00
       180;         90.0;       ;      0.02;          ;     178.55;    0.036470;      -65.115921;      -65.079451;      -65.099086;      0.77;        0.00
       181;         90.5;       ;      0.02;          ;     188.14;    0.038429;      -65.117026;      -65.078597;      -65.099117;      0.69;        0.00
       182;         91.0;       ;      0.03;          ;     193.10;    0.039442;      -65.118862;      -65.079420;      -65.099177;      0.54;        0.00
       183;         91.5;       ;      0.02;          ;     200.71;    0.040997;      -65.120400;      -65.079402;      -65.099235;      0.40;        0.00
       184;         92.0;       ;      0.03;          ;     201.91;    0.041242;      -65.120716;      -65.079473;      -65.099260;      0.34;        0.00
       185;         92.5;       ;      0.03;          ;     189.69;    0.038746;      -65.119327;      -65.080581;      -65.099243;      0.38;        0.00
       186;         93.0;       ;      0.02;          ;     172.15;    0.035164;      -65.116486;      -65.081322;      -65.099196;      0.50;        0.00
       187;         93.5;       ;      0.02;          ;     157.41;    0.032152;      -65.112946;      -65.080795;      -65.099136;      0.64;        0.00
       188;         94.0;       ;      0.03;          ;     138.54;    0.028299;      -65.109579;      -65.081280;      -65.099076;      0.79;        0.00
       189;         94.5;       ;      0.02;          ;     131.17;    0.026792;      -65.107363;      -65.080571;      -65.099031;      0.90;        0.00
       190;         95.0;       ;      0.02;          ;     128.99;    0.026348;      -65.106960;      -65.080612;      -65.099011;      0.95;        0.00
       191;         95.5;       ;      0.02;          ;     137.67;    0.028119;      -65.108680;      -65.080561;      -65.099027;      0.91;        0.00
       192;         96.0;       ;      0.02;          ;     152.42;    0.031133;      -65.112278;      -65.081144;      -65.099083;      0.77;        0.00
       193;         96.5;       ;      0.02;          ;     176.23;    0.035997;      -65.116852;      -65.080855;      -65.099173;      0.55;        0.00
       194;         97.0;       ;      0.02;          ;     195.05;    0.039840;      -65.121090;      -65.081249;      -65.099273;      0.31;        0.00
       195;         97.5;       ;      0.03;          ;     205.31;    0.041936;      -65.123484;      -65.081549;      -65.099339;      0.15;        0.00
       196;         98.0;       ;      0.02;          ;     205.41;    0.041958;      -65.123164;      -65.081207;      -65.099330;      0.17;        0.00
       197;         98.5;       ;      0.02;          ;     193.63;    0.039550;      -65.120384;      -65.080834;      -65.099235;      0.40;        0.00
       198;         99.0;       ;      0.02;          ;     174.62;    0.035667;      -65.116649;      -65.080982;      -65.099100;      0.73;        0.00
       199;         99.5;       ;      0.03;          ;     165.60;    0.033825;      -65.114104;      -65.080279;      -65.099005;      0.96;        0.00
       200;        100.0;       ;      0.03;          ;     167.02;    0.034115;      -65.114181;      -65.080066;      -65.099010;      0.95;        0.00
