# Simulation Time; Colvar 1 Position / Angstrom; Colvar 1 Internal Force / kJ mol^-1 Angstrom^-1; Colvar 2 Position / Angstrom; Colvar 2 Internal Force / kJ mol^-1 Angstrom^-1; Colvar 3 Position / Angstrom; Colvar 3 Internal Force / kJ mol^-1 Angstrom^-1; Colvar 4 Position / Angstrom; Colvar 4 Internal Force / kJ mol^-1 Angstrom^-1; Colvar 5 Position / Angstrom; Colvar 5 Internal Force / kJ mol^-1 Angstrom^-1; Colvar 6 Position / Angstrom; Colvar 6 Internal Force / kJ mol^-1 Angstrom^-1; Colvar 7 Position / Angstrom; Colvar 7 Internal Force / kJ mol^-1 Angstrom^-1; Colvar 8 Position / Angstrom; Colvar 8 Internal Force / kJ mol^-1 Angstrom^-1; Colvar 9 Position / Angstrom; Colvar 9 Internal Force / kJ mol^-1 Angstrom^-1; Colvar 10 Position / Angstrom; Colvar 10 Internal Force / kJ mol^-1 Angstrom^-1; Colvar 11 Position / Angstrom; Colvar 11 Internal Force / kJ mol^-1 Angstrom^-1; Colvar 12 Position / Angstrom; Colvar 12 Internal Force / kJ mol^-1 Angstrom^-1
0.00; 2.0410459987; 0.0000000000; 2.0352551478; 0.0000000000; 2.0086491107; 0.0000000000; 2.0414236062; 0.0000000000; 2.1070060851; 0.0000000000; 2.0658456828; 0.0000000000; 4.4493484349; 0.0000000000; 4.1716906930; 0.0000000000; 4.3632392528; 0.0000000000; 3.7292668950; 0.0000000000; 4.1639873355; 0.0000000000; 3.9003010001; 0.0000000000
0.50; 2.0389446316; 12.9177171677; 2.0376220643; -14.1566869090; 2.0076244035; -18.3514295595; 2.0441379007; -13.2885122685; 2.1051230553; 11.3497964877; 2.0663615520; 1.2780060248; 4.4521587320; -0.7903680835; 4.1721160680; 13.5676392725; 4.3632108251; 14.1227983253; 3.7274583304; -4.7510400472; 4.1644726923; 24.2975524859; 3.9010725863; 15.0272118359
1.00; 2.0369065771; 25.2712066135; 2.0399376312; -27.3222104543; 2.0065453434; -37.4384768010; 2.0467956690; -26.3729628888; 2.1032985771; 21.1628103499; 2.0668801035; 1.5460342235; 4.4549527658; -0.9910942112; 4.1725861456; 23.7918532199; 4.3632274356; 25.2454887033; 3.7256483599; -8.6874187639; 4.1650340716; 44.2079500919; 3.9018864097; 27.3137717920
1.50; 2.0349813966; 36.1581899513; 2.0421533567; -38.3248809348; 2.0053509734; -54.1259459823; 2.0493525981; -36.5545456167; 2.1015637642; 28.6060941324; 2.0674027455; 0.8159239218; 4.4577259687; -0.7053985543; 4.1731294384; 30.4032167165; 4.3633235616; 32.5589635296; 3.7238277052; -11.1016390193; 4.1657320495; 58.8572703231; 3.9027769359; 36.2170703745
2.00; 2.0331839090; 45.1414113615; 2.0442619978; -46.4228070145; 2.0039694753; -64.8007997007; 2.0518120482; -41.2087238317; 2.0999164647; 33.3664482335; 2.0679358868; -0.9065101901; 4.4605175040; 0.0329662659; 4.1737723502; 33.5637210700; 4.3635239577; 35.7606985509; 3.7219635357; -11.4618026568; 4.1666223870; 68.2204560173; 3.9037825799; 41.6586885380
2.50; 2.0315472916; 51.8264909758; 2.0462374554; -51.1127763092; 2.0023622295; -66.2964848011; 2.0541609143; -38.6158505484; 2.0983694087; 35.2365897264; 2.0684763655; -3.5359838672; 4.4633322119; 1.1016104493; 4.1745250669; 33.4332730468; 4.3638406141; 34.6825306833; 3.7200519812; -9.4665941669; 4.1677374175; 72.3443394611; 3.9049210222; 43.5803469561
3.00; 2.0301121033; 55.8078295398; 2.0480458064; -52.4097557113; 2.0005369916; -57.7812551565; 2.0563848776; -29.0534815568; 2.0969417091; 34.1014581880; 2.0690128075; -6.9350909428; 4.4661467304; 2.2893630779; 4.1753802160; 30.1487565607; 4.3642691098; 29.3329922041; 3.7181155876; -5.1785158236; 4.1690816269; 71.2542112091; 3.9061874733; 41.9230053360
3.50; 2.0289076953; 56.8072316758; 2.0496642775; -50.8970861238; 1.9985415289; -41.4314425028; 2.0584886925; -14.8241486919; 2.0956435196; 29.9735574052; 2.0695305290; -10.9778067733; 4.4689314937; 3.2783856910; 4.1763174894; 23.8436717032; 4.3647891541; 19.9175428296; 3.7161880584; 0.9479377257; 4.1706364375; 65.1255229431; 3.9075611884; 36.6762682305
4.00; 2.0279289684; 54.6562629579; 2.0511092775; -47.4865418818; 1.9964184041; -20.9197173738; 2.0605275666; 1.1614574892; 2.0944523219; 22.8922445523; 2.0700217559; -15.5676841296; 4.4717019082; 3.7797170921; 4.1773221285; 14.5946910080; 4.3653754883; 6.6766903971; 3.7142765373; 8.2740102990; 4.1723905099; 54.0428166730; 3.9090315626; 27.8240951668
4.50; 2.0271579647; 49.2639359112; 2.0524075226; -43.1502534434; 1.9942138557; 0.1767534862; 2.0625688647; 16.4354755049; 2.0933332084; 13.0071771863; 2.0704787174; -20.5982155840; 4.4744819660; 3.6302080710; 4.1783756591; 2.5449164803; 4.3659944312; -9.9527099234; 3.7123843115; 16.0781809818; 4.1743266715; 38.1263594199; 3.9105839057; 15.4894041597
5.00; 2.0265730296; 40.7566002185; 2.0535780079; -38.7604128774; 1.9919903920; 19.1961396191; 2.0646634198; 29.3127070400; 2.0922512452; 0.8229980111; 2.0708886879; -25.8450664328; 4.4772742343; 2.8178024533; 4.1794448586; -11.7062732420; 4.3665981842; -28.9912338276; 3.7105292311; 23.5881274317; 4.1764022065; 18.0209928760; 3.9121832472; 0.3033749145
5.50; 2.0261454571; 29.7061876199; 2.0546311012; -34.9942432151; 1.9898208648; 34.6670380807; 2.0668389321; 38.9361010280; 2.0911720407; -12.5816295881; 2.0712351843; -30.8635251949; 4.4800582214; 1.5455995342; 4.1804819975; -26.6813999141; 4.3671270034; -48.6454724910; 3.7087419038; 30.0468693290; 4.1785460509; -4.5991005110; 3.9137737735; -16.1962987011
6.00; 2.0258331029; 17.1607075605; 2.0555830085; -32.2525160246; 1.9877518888; 46.2609511562; 2.0691274040; 45.1979059842; 2.0900495318; -25.6260871952; 2.0715051769; -35.0897924893; 4.4828311829; 0.1481484310; 4.1814445264; -40.0589342423; 4.3675232306; -66.5384567628; 3.7070368978; 34.8932845191; 4.1806934176; -27.1031315921; 3.9153063550; -31.6758503265
6.50; 2.0255905022; 4.8193060347; 2.0564402835; -30.7519996764; 1.9858305196; 54.1364164479; 2.0715362115; 48.2740170535; 2.0888456032; -36.1847330420; 2.0716863562; -37.8697242705; 4.4855729777; -0.9085913085; 4.1822890703; -48.8761315116; 4.3677322514; -79.7772852156; 3.7054343805; 37.7111772648; 4.1827666923; -45.7357924884; 3.9167255539; -43.0810601778
7.00; 2.0253679116; -5.4762939792; 2.0572226392; -30.5433447246; 1.9840527388; 58.8153663068; 2.0741126181; 48.4864242137; 2.0875049754; -42.3408670154; 2.0717743771; -38.7514467998; 4.4883211069; -1.2188810545; 4.1830035393; -50.8291573125; 4.3677176175; -86.0426526887; 3.7039156734; 38.3223778989; 4.1847423682; -57.0477064177; 3.9180173834; -47.8929598690
7.50; 2.0251304750; -11.5921326994; 2.0579198985; -31.6248424930; 1.9824609400; 60.6163549182; 2.0768189318; 46.0676213882; 2.0860251222; -42.5559572317; 2.0717664790; -37.5026507804; 4.4910316397; -0.5252427832; 4.1835731332; -45.2197429626; 4.3674612851; -83.8751939481; 3.7025034232; 36.6782090655; 4.1865576197; -58.4721868785; 3.9191467577; -44.7121949435
8.00; 2.0248562128; -12.2922568232; 2.0585268008; -33.9329931719; 1.9810660701; 59.8120441004; 2.0796364670; 41.2007895691; 2.0844087836; -36.6136407502; 2.0716685456; -34.3215599800; 4.4936951069; 1.1544162549; 4.1840158910; -33.7521587435; 4.3669739729; -73.7165118127; 3.7011954400; 32.9515538433; 4.1882039647; -50.2761537511; 3.9201196893; -34.2830362246
8.50; 2.0245436062; -7.5965702913; 2.0590336311; -37.3422125932; 1.9798704176; 56.5628993532; 2.0825355440; 33.9995506035; 2.0826807505; -25.5862639860; 2.0714930257; -29.7575552599; 4.4963031595; 3.5980581338; 4.1843678548; -19.5826854598; 4.3662930412; -57.6187797668; 3.6999840938; 27.5123838513; 4.1897020683; -35.2451582521; 3.9209647564; -19.0399891449
9.00; 2.0242045160; 1.3850868442; 2.0594370873; -41.7194236378; 1.9788435193; 50.7571505447; 2.0855398864; 24.3852090247; 2.0808461593; -11.1130117900; 2.0712527557; -24.4345039117; 4.4989045092; 6.4993005720; 4.1846801372; -5.5383441880; 4.3654596301; -38.0766715213; 3.6988318055; 20.7919177316; 4.1911245694; -17.0240952462; 3.9217429849; -1.7215485143
9.50; 2.0238702001; 12.7691196292; 2.0597226796; -46.7786218598; 1.9779635632; 42.1286718112; 2.0886318131; 12.4037740718; 2.0789412228; 4.8485829704; 2.0709640199; -19.0156864597; 4.5015175954; 9.5237890181; 4.1849979833; 6.3560012721; 4.3645314848; -17.7365582676; 3.6977131681; 13.4401783810; 4.1925342007; 0.8021255176; 3.9225105320; 15.0734598560
10.00; 2.0235850701; 24.4252632028; 2.0598695227; -51.9745114921; 1.9772104085; 30.4251493511; 2.0917493212; -1.4663508669; 2.0770299623; 20.3744492457; 2.0706466839; -14.0573619398; 4.5041301486; 12.3670202166; 4.1853555263; 15.1335638699; 4.3635796675; 1.0536062082; 3.6966146529; 6.3061643267; 4.1939752205; 15.6147220962; 3.9233127799; 29.3649060743
10.50; 2.0233929778; 34.6682401549; 2.0598584164; -56.5590596536; 1.9765490325; 15.4869006947; 2.0948376643; -16.2163421127; 2.0751671178; 34.0606119197; 2.0703181390; -9.9455765837; 4.5067408699; 14.8424677400; 4.1857776335; 20.7222588737; 4.3626665345; 16.7820887750; 3.6955186086; 0.2244985953; 4.1954880658; 26.1985945581; 3.9241904721; 40.1417540365
11.00; 2.0233316420; 42.4449020014; 2.0596729955; -59.6295179613; 1.9759320427; -2.4348285688; 2.0978479653; -30.1182513859; 2.0733964764; 45.1474548623; 2.0699922371; -6.8391325714; 4.5093544380; 16.8558601434; 4.1862795419; 23.4226349323; 4.3618419554; 28.5935884435; 3.6944079425; -4.0960735831; 4.1971032475; 32.3355911147; 3.9251753752; 47.0177179111
11.50; 2.0234295560; 47.2865796875; 2.0592999931; -60.2817628164; 1.9752974281; -22.3866476152; 2.1007609135; -41.0381453761; 2.0717382562; 53.2080408912; 2.0696767702; -4.7550406161; 4.5119976309; 18.3588475531; 4.1868721098; 23.5362086210; 4.3611363345; 36.1095638267; 3.6932611259; -6.2179493116; 4.1988519701; 34.2560170603; 3.9262964747; 49.9425404951
12.00; 2.0237093607; 49.0802918502; 2.0587255598; -57.7470300896; 1.9745678016; -42.4768014623; 2.1036024110; -47.0664905360; 2.0701846332; 58.1264189895; 2.0693725659; -3.6342843132; 4.5147311004; 19.3051087211; 4.1875682781; 21.1606141701; 4.3605603825; 39.1712636411; 3.6920475044; -5.9970144136; 4.2007782850; 32.2919511831; 3.9275887758; 48.8911546366
12.50; 2.0241662585; 47.7773759327; 2.0579811158; -51.7863451222; 1.9737114413; -58.1802569762; 2.1062338032; -46.8981021928; 2.0688167204; 59.3601556473; 2.0690968346; -3.4806885338; 4.5174419251; 19.5692015191; 4.1883305984; 16.3800586170; 4.3601486777; 37.5155435503; 3.6908194177; -3.6222378056; 4.2027944209; 26.6709716364; 3.9289954664; 43.8658062840
13.00; 2.0248076526; 43.5008646946; 2.0570654238; -42.4385166709; 1.9726549159; -65.9690803039; 2.1087342898; -41.1599982608; 2.0675971544; 56.8136303588; 2.0688428010; -4.2247683316; 4.5202099741; 19.0898084613; 4.1891657502; 8.9750383420; 4.3598839316; 31.1263047588; 3.6895484200; 0.4925996305; 4.2049411222; 17.3902238348; 3.9305427615; 34.7119096562
13.50; 2.0256204551; 36.3949873396; 2.0560064473; -30.3499833590; 1.9713700628; -63.3194211534; 2.1111273068; -31.7527645392; 2.0665166669; 50.4099964261; 2.0686088651; -5.7923438453; 4.5230404671; 17.8563131359; 4.1900538918; -1.1395900793; 4.3597481797; 20.1920838345; 3.6882434453; 5.7137662951; 4.2071960071; 4.6269847567; 3.9322091820; 21.4600996812
14.00; 2.0265730337; 26.7313590513; 2.0548518822; -16.6305445293; 1.9698737093; -50.6234760835; 2.1134261402; -21.1162352768; 2.0655635822; 40.3947372231; 2.0683930913; -8.0241453713; 4.5259101495; 15.9333899593; 4.1909591727; -13.6474640390; 4.3597107098; 5.4417425451; 3.6869284020; 11.2804117849; 4.2095053594; -11.1173172451; 3.9339454580; 4.6758711809
14.50; 2.0276247340; 14.8579407171; 2.0536533687; -2.4836898029; 1.9682130031; -31.0872191719; 2.1156560604; -11.2310620536; 2.0647101667; 27.5006567652; 2.0681906305; -10.6138176304; 4.5288013336; 13.5225566244; 4.1918411990; -27.5806875144; 4.3597276581; -11.7113553716; 3.6856241541; 16.4775070440; 4.2118123729; -28.7586181965; 3.9356955615; -14.3290152813
15.00; 2.0287270881; 1.3240899348; 2.0524629202; 11.0001154827; 1.9664558526; -9.0445518633; 2.1178437472; -3.2477278805; 2.0639174553; 13.1447210700; 2.0679950837; -13.0818714274; 4.5316986688; 10.9294178042; 4.1926570799; -41.0075996674; 4.3597473862; -29.0451410468; 3.6843480958; 20.7035740822; 4.2140578469; -46.4450447436; 3.9373989717; -33.2454465822
15.50; 2.0298243342; -12.9921818823; 2.0513310447; 22.9330308799; 1.9646798702; 11.7933403955; 2.1200087129; 2.3886326998; 2.0631419351; -0.5144638252; 2.0678004127; -14.8021854347; 4.5345843432; 8.5024933646; 4.1933658127; -51.1367654334; 4.3597177590; -43.6552407886; 3.6831149672; 23.5038622109; 4.2161815886; -61.4392668432; 3.9389946323; -48.8789607597
16.00; 2.0308691063; -27.1360518965; 2.0502911111; 32.7930205507; 1.9629405428; 29.3497378580; 2.1221858588; 5.6992841631; 2.0623340167; -11.0333511991; 2.0676006939; -15.1580294506; 4.5374714154; 6.5527463280; 4.1939444692; -55.2857069568; 4.3595947070; -52.7259022434; 3.6819219771; 24.6169014780; 4.2181542085; -70.8315463334; 3.9404483595; -58.1008669585
16.50; 2.0318083269; -39.6131774206; 2.0493760595; 40.1784951129; 1.9612928860; 42.7362014384; 2.1243913326; 6.8630827009; 2.0614579173; -16.1025973824; 2.0673950802; -13.7063824858; 4.5403591988; 5.3033823987; 4.1943842708; -52.0265020353; 4.3593507623; -54.1564252159; 3.6807679515; 23.9252526347; 4.2199514013; -72.3466781822; 3.9417362966; -58.7544554441
17.00; 2.0325871786; -48.9093817700; 2.0486178072; 44.7728765049; 1.9597924228; 51.8546976398; 2.1266164138; 6.0785319586; 2.0605020418; -14.4074182173; 2.0671898438; -10.3937238829; 4.5432255738; 4.8191967635; 4.1946957614; -42.2596145396; 4.3589839644; -47.4625168006; 3.6796557787; 21.4904360717; 4.2215584250; -65.5944053153; 3.9428503612; -50.7705759955
17.50; 2.0331725159; -54.0363804484; 2.0480287051; 46.4496282937; 1.9584627084; 57.1931838178; 2.1288722855; 3.4885515573; 2.0594653516; -6.1812673679; 2.0669944969; -5.5879421809; 4.5460847957; 4.9750766043; 4.1949140424; -28.7691782696; 4.3585139087; -33.9783306788; 3.6785698793; 17.5377771758; 4.2230062220; -52.3588950116; 3.9438233734; -36.1594535605
18.00; 2.0335420796; -54.6769437674; 2.0476151637; 45.1538400054; 1.9573230343; 59.3013566668; 2.1311539035; -0.8681593762; 2.0583719205; 6.9997214851; 2.0668241170; -0.0213156712; 4.5489395682; 5.5343475599; 4.1950836017; -14.8509434799; 4.3579825445; -16.3281998543; 3.6774957750; 12.4880324984; 4.2243374396; -35.8491594008; 3.9447027942; -18.1208606262
18.50; 2.0336872626; -51.4333079978; 2.0473766559; 40.9803498301; 1.9563932578; 58.7130035390; 2.1334268988; -6.9945379913; 2.0572731074; 22.6569114005; 2.0666977034; 5.3805841770; 4.5517644383; 6.2009371616; 4.1952479347; -3.0559744985; 4.3574502736; 2.3321808049; 3.6764271739; 6.9950302466; 4.2255911686; -19.4710474272; 3.9455377209; 0.0155458176
19.00; 2.0336192267; -45.4758348151; 2.0472956153; 34.1419496957; 1.9556623169; 55.8438216134; 2.1357006024; -15.0635217101; 2.0562049684; 38.7388495566; 2.0666306579; 9.8904861081; 4.5545960470; 6.7223325067; 4.1954469897; 5.7111088101; 4.3569692461; 19.6696721950; 3.6753336238; 1.7122893347; 4.2268338606; -5.3028056863; 3.9463961958; 16.1517911065
19.50; 2.0333581848; -38.2347498016; 2.0473486852; 25.2302958988; 1.9551295235; 50.9742114125; 2.1379303162; -25.0204256559; 2.0552281530; 53.3425299449; 2.0666377111; 12.8841474935; 4.5574111506; 6.8986198252; 4.1957066121; 11.3647955895; 4.3565979381; 33.7416538640; 3.6742086810; -2.5399576954; 4.2280981153; 5.4228893617; 3.9473218907; 28.7935994770
20.00; 2.0329309524; -30.9017297884; 2.0475031061; 15.1543428808; 1.9547810252; 44.1932402745; 2.1400799802; -36.4491399367; 2.0543915196; 65.2258216974; 2.0667277979; 14.0321320032; 4.5602035813; 6.6604047867; 4.1960428336; 14.3419932891; 4.3563805666; 43.4978417338; 3.6730430063; -5.0732024340; 4.2294130350; 12.5342404594; 3.9483523378; 37.3580703546
20.50; 2.0323591693; -24.1906759088; 2.0477238541; 5.0237722919; 1.9545918405; 35.2863997050; 2.1421386039; -48.4213734584; 2.0537244680; 73.7727539629; 2.0669054836; 13.2540399649; 4.5630049902; 5.9924157667; 4.1964675207; 15.1184428935; 4.3563449698; 48.5573647871; 3.6718167969; -5.4504778349; 4.2308144677; 16.4014711247; 3.9495268836; 41.7855240389
21.00; 2.0316625929; -18.5116954746; 2.0479754910; -3.7643403428; 1.9545339109; 23.8781705816; 2.1440817927; -59.0767219008; 2.0532530522; 78.5636573469; 2.0671702524; 10.5969458558; 4.5658329087; 4.8944325404; 4.1969850273; 13.9060932339; 4.3565080197; 48.7322841037; 3.6705219898; -3.4982842747; 4.2323229216; 17.4011814626; 3.9508694492; 42.0479089284
21.50; 2.0308768356; -14.1626317430; 2.0482198775; -9.5581659249; 1.9545726404; 9.9575165167; 2.1458356567; -65.5393308186; 2.0530044331; 79.2334875154; 2.0675083514; 6.2960783442; 4.5686255248; 3.4194705440; 4.1975787240; 10.6532090145; 4.3568665525; 44.0167713429; 3.6691939218; 0.5584527611; 4.2339078313; 15.8207323203; 3.9523538540; 38.1114570331
22.00; 2.0300158965; -11.1456420729; 2.0484351985; -11.3094788294; 1.9546634777; -6.3354659148; 2.1473884753; -65.4743642552; 2.0529800228; 75.6703075718; 2.0679070889; 0.5979948136; 4.5713903108; 1.6129429042; 4.1982379396; 5.0510989922; 4.3574051845; 34.5602852248; 3.6678426703; 6.2423089904; 4.2355674554; 11.8473872332; 3.9539736809; 29.9340698369
22.50; 2.0290941871; -9.4599162367; 2.0486122413; -8.6547418129; 1.9547545633; -23.8508164152; 2.1487377231; -58.0547872846; 2.0531691067; 67.8765088551; 2.0683470535; -6.1681825670; 4.5741146276; -0.4447289072; 4.1989407441; -3.2566427807; 4.3580909375; 20.7279016512; 3.6664924709; 12.8536733529; 4.2372814766; 5.5765096449; 3.9556991440; 17.5795068517
23.00; 2.0281329534; -9.1298389567; 2.0487553746; -2.1661027781; 1.9547900865; -39.8508825730; 2.1498896423; -44.6971838100; 2.0535427089; 56.1839849927; 2.0687997655; -13.5257271927; 4.5767516856; -2.6121007278; 4.1996481599; -14.2822562482; 4.3588674275; 3.3793508219; 3.6651867860; 19.5533838980; 4.2390007249; -2.7137041111; 3.9574654073; 1.6211176617
23.50; 2.0271207924; -10.1798773898; 2.0488871205; 7.0235520920; 1.9547217708; -51.1086245793; 2.1509057390; -27.9530546894; 2.0540674128; 40.9826994206; 2.0692479581; -21.1123855097; 4.5793320612; -4.7794395564; 4.2003339273; -27.7673028854; 4.3596887561; -16.5438941227; 3.6639303430; 25.7588537203; 4.2407197873; -12.7390741369; 3.9592474457; -17.1479814667
24.00; 2.0260556014; -12.6436840205; 2.0490369870; 17.3423200535; 1.9545165108; -54.3573112295; 2.1518391171; -10.7385311317; 2.0546940884; 23.3358954455; 2.0696669440; -28.3639031829; 4.5818448462; -6.7712709380; 4.2009542470; -42.3585408372; 4.3604901022; -37.2596605421; 3.6627462023; 30.9031870134; 4.2424016986; -23.6468877968; 3.9609850082; -36.7936470134
24.50; 2.0249170735; -16.5144425634; 2.0492402650; 27.3460619430; 1.9541643278; -48.1104802024; 2.1527550756; 4.8967802652; 2.0553735364; 4.7553636867; 2.0700380596; -34.7042404607; 4.5843089667; -8.4142066118; 4.2014698965; -55.6849059343; 4.3612140238; -56.5978384353; 3.6616398002; 34.6149828495; 4.2440269263; -34.0873074776; 3.9626358864; -54.6565243889
25.00; 2.0236944873; -21.5653679723; 2.0495288445; 35.7213270875; 1.9536885665; -33.6619074680; 2.1537005778; 17.5737554543; 2.0560450420; -12.3686615614; 2.0703398585; -39.4236532807; 4.5867093212; -9.5359463683; 4.2018380569; -64.3737516303; 4.3617969863; -71.8151054728; 3.6606279763; 36.6007503206; 4.2455546280; -42.0334286885; 3.9641398448; -67.2949354304
25.50; 2.0223560436; -27.3336964116; 2.0499328783; 41.6650707149; 1.9531324473; -14.2251515643; 2.1547261638; 26.8668758961; 2.0566613522; -25.6437341588; 2.0705601390; -41.9633714894; 4.5890651518; -10.0464850342; 4.2020361540; -65.6117776298; 4.3621966028; -80.7258065069; 3.6597078567; 36.7408987759; 4.2469730683; -45.5487666845; 3.9654736546; -72.0180721660
26.00; 2.0208596124; -33.0121751331; 2.0504781884; 44.7144396450; 1.9525516958; 6.4561222869; 2.1558774243; 32.7384139426; 2.0571883107; -33.0819458250; 2.0706926361; -42.0092852883; 4.5914056456; -9.9490866805; 4.2020626487; -58.4669586293; 4.3623879306; -82.0853362743; 3.6588689049; 35.0328335390; 4.2482877875; -43.3772834998; 3.9666403727; -67.7306195569
26.50; 2.0192287842; -37.1826902705; 2.0511569024; 44.5727008645; 1.9520311018; 24.5548963100; 2.1571388447; 35.1250261176; 2.0575862627; -33.5216017104; 2.0707326179; -39.6435585199; 4.5936586604; -9.3563555013; 4.2019403253; -44.9906653146; 4.3623603958; -76.1244394446; 3.6581319755; 31.6962024430; 4.2494639036; -35.7510409178; 3.9676188955; -55.7582696982
27.00; 2.0174206358; -38.5862066911; 2.0519769474; 41.2812040486; 1.9516208273; 38.6138650909; 2.1585394900; 34.2425146521; 2.0578608459; -27.5751787012; 2.0706882943; -35.3382841270; 4.5958635062; -8.4554223343; 4.2017118218; -28.6224366425; 4.3621333684; -64.5080265357; 3.6574740156; 27.0196086896; 4.2505446867; -24.1749290902; 3.9684655949; -38.8403048213
27.50; 2.0154222101; -36.2113968095; 2.0529278913; 34.9835114435; 1.9513661206; 48.0699325560; 2.1600830460; 30.1699488843; 2.0580310710; -16.9269519538; 2.0705723263; -29.8498166160; 4.5980298694; -7.4641326534; 4.2014287559; -12.8524708796; 4.3617416025; -49.6707586295; 3.6568788328; 21.4778202249; 4.2515686992; -10.9464141658; 3.9692373062; -20.2892669789
28.00; 2.0132683856; -29.7979901991; 2.0539724065; 26.0403400304; 1.9513011426; 52.9927629880; 2.1617371428; 22.9825932616; 2.0581279339; -3.8904506886; 2.0704031048; -24.0995314921; 4.6001316816; -6.5928159370; 4.2011450717; -0.0885102690; 4.3612365521; -34.2565647192; 3.6563376747; 15.7651213281; 4.2525623356; 1.5608516506; 3.9699828783; -3.1379944076
28.50; 2.0109595122; -19.8235772338; 2.0550872980; 14.7449367514; 1.9514409074; 54.0638313731; 2.1634979195; 12.5701171848; 2.0581935735; 9.6849256075; 2.0701966314; -18.7663448152; 4.6021944145; -5.9617615935; 4.2008980275; 9.1252304588; 4.3606609943; -19.9993145199; 3.6558276797; 10.5004915081; 4.2535740205; 12.0244861574; 3.9707652282; 11.0365298181
29.00; 2.0085681824; -7.5794228616; 2.0562125300; 1.8148933434; 1.9517856403; 52.0615387515; 2.1653065560; -0.8475608327; 2.0582694698; 22.0921559139; 2.0699725338; -14.4726288533; 4.6041886331; -5.6297054756; 4.2007194574; 14.9418410576; 4.3600678699; -8.3367235148; 3.6553416265; 6.3848776215; 4.2546186492; 19.6488200021; 3.9716170771; 21.1768471450
29.50; 2.0060918459; 5.8607874252; 2.0573217114; -12.2824259453; 1.9523348279; 47.7572439828; 2.1671585524; -17.1637476844; 2.0583962889; 32.5777845264; 2.0697395314; -11.4659271746; 4.6061561768; -5.5687590408; 4.2006226789; 18.0644280107; 4.3594810355; 0.3114925489; 3.6548586801; 3.7878310081; 4.2557386487; 24.5021647554; 3.9725879355; 27.2294031380
30.00; 2.0035941796; 19.1659102705; 2.0583551897; -26.5131640874; 1.9530716336; 41.8968363476; 2.1689941224; -35.2378428996; 2.0586066807; 40.4267476425; 2.0695080449; -9.9314738092; 4.6080867677; -5.7206483083; 4.2006165726; 18.9282832764; 4.3589297469; 5.5557963608; 3.6543759115; 2.9257085379; 4.2569402372; 26.7444145761; 3.9736923804; 29.1346353008
30.50; 2.0011262167; 31.4290320826; 2.0592583103; -39.6983629269; 1.9539760114; 35.0639316840; 2.1707576051; -52.8956029442; 2.0589254660; 45.2341572011; 2.0692827419; -9.9014419476; 4.6099800048; -6.0081891305; 4.2007015014; 17.6631611509; 4.3584292813; 7.2718251949; 3.6538937730; 3.7034359817; 4.2582265081; 26.6349204278; 3.9749365083; 26.9470221509
31.00; 1.9987191228; 42.0277051124; 2.0599854805; -50.6616132322; 1.9550310003; 27.5168629085; 2.1724063966; -67.0541556628; 2.0593704088; 46.7650267338; 2.0690621288; -11.3135945205; 4.6118479780; -6.3621449827; 4.2008714969; 14.0494394414; 4.3579804341; 5.4478379169; 3.6534149952; 5.7757597514; 4.2596016420; 24.3413978968; 3.9763222888; 20.6844291632
31.50; 1.9964083329; 50.5577601850; 2.0604939880; -58.2794896498; 1.9562146821; 19.1598529504; 2.1739013554; -74.4556171042; 2.0599486507; 44.8482637954; 2.0688411342; -14.0333591999; 4.6136952916; -6.7350007778; 4.2011131696; 7.6341501584; 4.3575750298; 0.1503786159; 3.6529485550; 8.6168690417; 4.2610582354; 19.8906934297; 3.9778350512; 10.3512027556
32.00; 1.9942566419; 56.6329748816; 2.0607457536; -61.6944363708; 1.9574842494; 9.7075580099; 2.1752023925; -73.1450015741; 2.0606472903; 39.4633982979; 2.0686139892; -17.7840465592; 4.6154985863; -7.1146530888; 4.2014003661; -1.9453271973; 4.3572000237; -8.2688339154; 3.6525130007; 11.5890798257; 4.2625595766; 13.3076786668; 3.9794240997; -3.7350697920
32.50; 1.9922657150; 60.0961659921; 2.0607270513; -60.7611031985; 1.9588217329; -1.4132990858; 2.1763297900; -63.7724725058; 2.0614569688; 30.6894714330; 2.0683664740; -22.2435598628; 4.6172770201; -7.4847134880; 4.2017030489; -14.8985077599; 4.3568233886; -19.2665588294; 3.6521167168; 14.1509083480; 4.2640964041; 4.5632621826; 3.9810626996; -21.0907296203
33.00; 1.9904531058; 60.7884071420; 2.0604360760; -55.8942200928; 1.9601895983; -14.3548458809; 2.1773135054; -49.2184898797; 2.0623499061; 18.9676069325; 2.0680847832; -26.8912208909; 4.6190285833; -7.8180292530; 4.2019777225; -30.4881601713; 4.3564095831; -31.7002455691; 3.6517717881; 15.8191039800; 4.2656353733; -6.0270026205; 3.9826956560; -40.3321682266
33.50; 1.9888099956; 58.5861363707; 2.0598822980; -47.9512235666; 1.9615570064; -28.5379090960; 2.1782086752; -33.0983757223; 2.0632970232; 5.1073196676; 2.0677518389; -31.0702959606; 4.6207669732; -8.0966831401; 4.2021752540; -46.7837989352; 4.3559147379; -43.9235556649; 3.6514842082; 16.2532702336; 4.2671511845; -17.6972305505; 3.9842762902; -59.2174697233
34.00; 1.9873418672; 53.4645867988; 2.0590925830; -38.1413706152; 1.9628695443; -41.9310072981; 2.1790616693; -18.5986510542; 2.0642490441; -9.1648053912; 2.0673564446; -33.9136474697; 4.6224804262; -8.2798084834; 4.2022413374; -60.2047359550; 4.3553024124; -53.5737546573; 3.6512603348; 15.2389311757; 4.2685930837; -28.7531539369; 3.9857355751; -74.4166547177
34.50; 1.9860270436; 45.5740195490; 2.0580955890; -27.5969385543; 1.9640886817; -51.6195630405; 2.1799226650; -7.5240382614; 2.0651643185; -21.7297754097; 2.0668881959; -34.5822190437; 4.6241741787; -8.3409545773; 4.2021329048; -66.7309888986; 4.3545393990; -58.3195143607; 3.6510987083; 12.6976716652; 4.2699271332; -36.9398241921; 3.9870310943; -82.7532870770
35.00; 1.9848535362; 35.5643203261; 2.0569391671; -17.4357040306; 1.9651691513; -54.6345215403; 2.1808172099; -0.7151016650; 2.0659923984; -30.1510037235; 2.0663509959; -32.4447804644; 4.6258270633; -8.2777201151; 4.2018313949; -63.5258463517; 4.3536205638; -56.4249957622; 3.6509949314; 8.7330106085; 4.2711083183; -39.8706760608; 3.9881221663; -82.2013411587
35.50; 1.9837605030; 24.2664116579; 2.0556338092; -8.1828193176; 1.9661241822; -49.7820121180; 2.1817867433; 1.9967566099; 2.0667240049; -33.0513026543; 2.0657403795; -27.2712111354; 4.6274733399; -8.1265677503; 4.2013413161; -50.6493827702; 4.3525328781; -47.5090534805; 3.6509354844; 3.4657624413; 4.2721492446; -36.3382332824; 3.9890342282; -73.0147155880
36.00; 1.9827114066; 13.3018683094; 2.0542156749; -0.3831153142; 1.9669649595; -38.2198511597; 2.1828373999; 0.9018171577; 2.0673464687; -29.8573839852; 2.0650745871; -19.4317092083; 4.6291061146; -7.9686951029; 4.2007051909; -31.1448955425; 4.3513080717; -32.7363203807; 3.6509049500; -2.7401287876; 4.2730535619; -26.7818004003; 3.9897923130; -57.5479042307
36.50; 1.9816745397; 4.7244055888; 2.0527242078; 5.5959508113; 1.9677216021; -23.1150770561; 2.1839573489; -3.5602234698; 2.0678645831; -21.3262281921; 2.0643839287; -9.8481147421; 4.6307109192; -7.8808162593; 4.1999914656; -9.4173045938; 4.3500037538; -14.5080542953; 3.6508842471; -9.3366165315; 4.2738417585; -13.3532576983; 3.9904395877; -39.3144447463
37.00; 1.9806129958; 0.3287375073; 2.0511748228; 9.6194875687; 1.9684463424; -7.9360029769; 2.1851373142; -11.0063485386; 2.0683077613; -9.0189223535; 2.0636957356; 0.4005860766; 4.6322936054; -7.9460477282; 4.1992678359; 11.0651623657; 4.3486730237; 4.6798446738; 3.6508522592; -15.7377741812; 4.2745584074; 1.2554265168; 3.9910376244; -21.3734816028
37.50; 1.9794974504; 1.1785943106; 2.0495655164; 11.6547905630; 1.9691963629; 4.7027677337; 2.1863668077; -21.2435963860; 2.0687195816; 5.3379439802; 2.0630349531; 10.3344493156; 4.6338696731; -8.1798008737; 4.1985935131; 28.4282324485; 4.3473631486; 22.7669483739; 3.6507878387; -21.3432835938; 4.2752562498; 14.7570155753; 3.9916506968; -5.7570347172
38.00; 1.9783216510; 7.2649799329; 2.0478939273; 11.7133869876; 1.9700181017; 13.3847785317; 2.1876214200; -34.1848672558; 2.0691479003; 20.1130067646; 2.0624292638; 19.0902285412; 4.6354465899; -8.5408888347; 4.1980223121; 41.9675260517; 4.3461247781; 38.1992667579; 3.6506717812; -25.5225023103; 4.2759814874; 25.5976901606; 3.9923335168; 6.3632501534
38.50; 1.9771109043; 17.4032950221; 2.0461688145; 9.9085486470; 1.9709371319; 17.7361563426; 2.1888542742; -49.6308113506; 2.0696376470; 33.8503293956; 2.0619097745; 25.9325284942; 4.6370141420; -8.9170336935; 4.1976030761; 51.5842955873; 4.3450145424; 49.8661023745; 3.6504901647; -27.7277714193; 4.2767646584; 33.0156615043; 3.9931230012; 14.4084678713
39.00; 1.9759063465; 29.6985642766; 2.0443936181; 6.5491890115; 1.9719639575; 18.2653611947; 2.1900100101; -67.1177067679; 2.0702299310; 45.4753084737; 2.0615009967; 30.3987293206; 4.6385615972; -9.1623937683; 4.1973707477; 57.4676593476; 4.3440764900; 57.1880038102; 3.6502360155; -27.6777732088; 4.2776249428; 36.9553737479; 3.9940418932; 18.2587080425
39.50; 1.9747606099; 42.1416431354; 2.0425720300; 2.2068458579; 1.9730924284; 16.0014564659; 2.1910244593; -85.4354488370; 2.0709561650; 54.2100610171; 2.0612197442; 32.2492702087; 4.6400745152; -9.1423221797; 4.1973463408; 59.7396694609; 4.3433413915; 59.9327972834; 3.6499112480; -25.4293882434; 4.2785671402; 37.7697554914; 3.9950952376; 17.9684874505
40.00; 1.9737106013; 53.2775255921; 2.0406790966; -2.3479083513; 1.9743220664; 12.1239204038; 2.1918464981; -102.6287202551; 2.0718474686; 59.6395208923; 2.0610693843; 31.4435350364; 4.6415610315; -8.8091433999; 4.1975365646; 58.3493191993; 4.3428130736; 58.1353737980; 3.6495210746; -21.3252628543; 4.2795985218; 35.7502725054; 3.9962882597; 13.6075170841
40.50; 1.9727825906; 62.2105293279; 2.0386738321; -6.1832287486; 1.9756576212; 7.6751452294; 2.1924317870; -115.8681212914; 2.0729336408; 61.4476979617; 2.0610457422; 28.0205043649; 4.6430411791; -8.1872027940; 4.1979407407; 52.9327847007; 4.3424799501; 51.8746532042; 3.6490729858; -15.8701486758; 4.2807262512; 31.0577355384; 3.9976241432; 5.1003742471
41.00; 1.9720196813; 68.2509779347; 2.0365655094; -8.1790144375; 1.9770704289; 3.5141376688; 2.1927309198; -121.6384511852; 2.0742090074; 59.3698064105; 2.0611387392; 22.1994941692; 4.6444996311; -7.4057412418; 4.1985381296; 43.0719759919; 4.3423270847; 41.4971120596; 3.6485891946; -9.7949757361; 4.2819225027; 23.7457138055; 3.9990620259; -7.4262315698
41.50; 1.9714357407; 71.2220490376; 2.0343227653; -7.3934817156; 1.9785638405; -0.0881046836; 2.1927278809; -117.8320376640; 2.0756826310; 53.3364521869; 2.0613313713; 14.2625297393; 4.6459553864; -6.6215203288; 4.1993048891; 28.2149969721; 4.3423205831; 27.4373190391; 3.6480836362; -3.7006830961; 4.2831774114; 13.6761909530; 4.0005796567; -23.8080763698
42.00; 1.9710428100; 71.0751036023; 2.0319441623; -3.1634637983; 1.9801293585; -3.4306475605; 2.1924316123; -104.7419920380; 2.0773398719; 43.4613890221; 2.0615996649; 4.7535743373; 4.6474130784; -6.0323164594; 4.2001964386; 8.3996221263; 4.3424172837; 10.6667574440; 3.6475752322; 1.8373218550; 4.2844606812; 0.9871890333; 4.0021286320; -43.1585880416
42.50; 1.9708425204; 67.8671171199; 2.0294416210; 4.7307496410; 1.9817585283; -7.3937570004; 2.1918800083; -85.1378003147; 2.0791533654; 30.2282128714; 2.0619143692; -5.4993987652; 4.6488761243; -5.7839943586; 4.2011518342; -15.0991065968; 4.3425650936; -7.2379493468; 3.6470816930; 6.3525052708; 4.2857327465; -13.5817605332; 4.0036497815; -63.5545799965
43.00; 1.9708269828; 61.7706848206; 2.0268697663; 15.9017420024; 1.9834217866; -13.1451624002; 2.1911391086; -63.0931127753; 2.0810634382; 14.8479487349; 2.0622397493; -15.2820203722; 4.6503300318; -5.9935960703; 4.2020869525; -38.8991295033; 4.3427060524; -23.8464829956; 3.6466232380; 9.4842242764; 4.2869332943; -28.0985651038; 4.0050626463; -81.6655097585
43.50; 1.9709749891; 52.9725409808; 2.0242553957; 29.6499057399; 1.9851098202; -21.8158006060; 2.1902738622; -41.8546050008; 2.0830324104; -1.0510036551; 2.0625461420; -23.3893037863; 4.6517821494; -6.6946599299; 4.2029313857; -58.2559084436; 4.3427880835; -36.7103483982; 3.6462079671; 11.0861543700; 4.2880219858; -39.8153112094; 4.0063171336; -93.8683992036
44.00; 1.9712536216; 41.8923551908; 2.0216758539; 44.7653597121; 1.9867775705; -33.6902680338; 2.1893597441; -23.7796100092; 2.0849901376; -15.1300414280; 2.0628041400; -28.5982754570; 4.6532152913; -7.8785255859; 4.2036154651; -68.1525485249; 4.3427695007; -43.5477921401; 3.6458456097; 11.1165311458; 4.2889501171; -45.4324561131; 4.0073613446; -97.0415204110
44.50; 1.9716256081; 28.9526220493; 2.0191612260; 60.1986806628; 1.9884038069; -47.9675624859; 2.1884443723; -9.6197982857; 2.0869117979; -25.4157440129; 2.0629989551; -30.2835350642; 4.6546399083; -9.4939789042; 4.2041149205; -66.1095626087; 4.3426281617; -43.4330365130; 3.6455327211; 9.7128785662; 4.2897089239; -42.8281942699; 4.0081949386; -90.3529047553
45.00; 1.9720433220; 15.1023036326; 2.0167758258; 74.7478249733; 1.9899386577; -62.1072818894; 2.1875742943; 0.3948528001; 2.0887596613; -30.4384187211; 2.0631235026; -28.4240839705; 4.6560466837; -11.4627381987; 4.2044346485; -53.2632717321; 4.3423641274; -36.9625257893; 3.6452655720; 7.1488506279; 4.2903040360; -31.9409627823; 4.0088351622; -75.5288821565
45.50; 1.9724630835; 1.3087749926; 2.0145374504; 87.6335191961; 1.9913608388; -72.6375842172; 2.1867669342; 6.5666737737; 2.0905467007; -30.0150585889; 2.0631839177; -23.6412811505; 4.6574512038; -13.8010460253; 4.2046196322; -33.3713359045; 4.3419924199; -25.9547390001; 3.6450313928; 3.7954280692; 4.2907784261; -14.7544235197; 4.0093366342; -55.7971568890
46.00; 1.9728308815; -10.7957048505; 2.0125151075; 97.9464502739; 1.9926241532; -75.9220571123; 2.1860480411; 9.0687603934; 2.0922588188; -25.0098959081; 2.0631928995; -17.0793856836; 4.6588337776; -16.3884527137; 4.2047306705; -11.2742516875; 4.3415495747; -13.0429321369; 3.6448206491; 0.2274410384; 4.2911817943; 5.2206305741; 4.0097550424; -35.0965880006
46.50; 1.9730965218; -19.4529584846; 2.0107798333; 104.9853229391; 1.9936989497; -70.4010650339; 2.1854352854; 8.1073347775; 2.0938847542; -17.0560363430; 2.0631698133; -10.0766003754; 4.6601635903; -19.0117150456; 4.2048367827; 9.1644210945; 4.3410832889; -0.7878055243; 3.6446237113; -2.8575238105; 4.2915715955; 24.5132780165; 4.0101479579; -16.6399729134
47.00; 1.9732321992; -23.6603149351; 2.0093285450; 108.5494458204; 1.9946226701; -57.2773098274; 2.1849130319; 3.8206836049; 2.0954786554; -7.6274809263; 2.0631354211; -3.5712951568; 4.6614549801; -21.4249124689; 4.2050063662; 26.4210882127; 4.3406244580; 9.3463982092; 3.6444251238; -4.8657048853; 4.2920173607; 41.3022063267; 4.0105802200; -1.7423435627
47.50; 1.9732201887; -23.0500303534; 2.0081794018; 108.4661218618; 1.9954364675; -40.0769521021; 2.1844667991; -3.7439076000; 2.0970697755; 1.9070031449; 2.0631093912; 1.6545962224; 4.6626985409; -23.2219430128; 4.2052967587; 39.7017541753; 4.3402059996; 16.3781524396; 3.6442160093; -5.2299969081; 4.2925745437; 54.6244503516; 4.0110989493; 8.8747144549
48.00; 1.9730597658; -18.2302525004; 2.0073356566; 104.7341594355; 1.9961964790; -22.7558885155; 2.1840707217; -14.5542121412; 2.0986909734; 10.5547811453; 2.0631076699; 5.1252652376; 4.6638889293; -23.9586463387; 4.2057541152; 48.7866948232; 4.3398507908; 19.8937730872; 3.6439919540; -3.6049721111; 4.2932895947; 64.1274200846; 4.0117394015; 15.0919231619
48.50; 1.9727659375; -10.5705616184; 2.0067921394; 97.5716617731; 1.9969558105; -8.2481352479; 2.1836905440; -28.2553990081; 2.1003642730; 17.5845592373; 2.0631410102; 6.5808067137; 4.6650178811; -23.2595691119; 4.2064095948; 53.5698640743; 4.3395728370; 19.8103131524; 3.6437558100; 0.0305013692; 4.2941939760; 69.8570688479; 4.0125201805; 16.9779515278
49.00; 1.9723670780; -1.7654836559; 2.0065320539; 87.5372983231; 1.9977538102; 2.0055003043; 2.1832852013; -43.7696249319; 2.1020949680; 22.4721843401; 2.0632134923; 5.9326712874; 4.6660746374; -20.9477157517; 4.2072744960; 53.8947351982; 4.3393760761; 16.2577071929; 3.6435184942; 5.3333109616; 4.2952995764; 71.8916488572; 4.0134397536; 14.6264772068
49.50; 1.9718937095; 6.7749488251; 2.0065215627; 75.4395886792; 1.9986228579; 8.0797145164; 2.1828047177; -58.9781909606; 2.1038961131; 24.8860090709; 2.0633228188; 3.2226831173; 4.6670640335; -17.1393376460; 4.2083503381; 49.5514331456; 4.3392505788; 9.4589458707; 3.6432942908; 11.7328668790; 4.2966133673; 70.1993135814; 4.0144892765; 8.0788250294
50.00; 1.9713725372; 14.1263462989; 2.0067195224; 62.2751536136; 1.9995872686; 10.8045032577; 2.1821972229; -70.8019976458; 2.1057839734; 24.6386544008; 2.0634610702; -1.4458460946; 4.6680016738; -12.1814017497; 4.2096303868; 40.1290249813; 4.3391754877; -0.3177885429; 3.6430998974; 18.5564975374; 4.2981386066; 64.4952798926; 4.0156532049; -2.7262230137
50.50; 1.9708257190; 19.7849385407; 2.0070828487; 49.1751255287; 2.0006615784; 11.2186515483; 2.1814202556; -75.8268872078; 2.1077673789; 21.5959479298; 2.0636145684; -7.8910202558; 4.6689064746; -6.5373445426; 4.2110936788; 25.1292176339; 4.3391209726; -12.7175778485; 3.6429540462; 25.1115095996; 4.2998678645; 54.3620952808; 4.0169037506; -17.7714145284
51.00; 1.9702783060; 23.4859044020; 2.0075628829; 37.4368744160; 2.0018354819; 10.2971196266; 2.1804652231; -71.6791625316; 2.1098141108; 15.7763124571; 2.0637616839; -15.6807919004; 4.6697847666; -0.8083706843; 4.2126778957; 4.6125811931; 4.3390498587; -26.9035031725; 3.6428774466; 30.6764928595; 4.3017516692; 39.6718050071; 4.0181794919; -36.3241489093
51.50; 1.9697433775; 25.2502780182; 2.0081178148; 27.9445975154; 2.0031033845; 8.7464265106; 2.1793467735; -58.7053329879; 2.1119010214; 7.3859353894; 2.0638780777; -24.2179729727; 4.6706519065; 4.4771730755; 4.2143156153; -20.5131415632; 4.3389188862; -41.6941743299; 3.6428861045; 34.7405158297; 4.3037405954; 20.7630385162; 4.0194192138; -56.8253742067
52.00; 1.9692208136; 25.2054355661; 2.0087204279; 21.0399655131; 2.0044731663; 6.9219703862; 2.1780936362; -39.6299626356; 2.1140222717; -3.1847630028; 2.0639384344; -32.7573804897; 4.6715325162; 9.0816140555; 4.2159447261; -48.1000088385; 4.3386811066; -55.6161696925; 3.6429918647; 36.9984496997; 4.3057959980; -1.2039112518; 4.0205705355; -76.7723039529
52.50; 1.9687097640; 23.4733048359; 2.0093470235; 16.7483440491; 2.0059392526; 4.3740019388; 2.1767646928; -18.4925779955; 2.1161439499; -15.0605207619; 2.0639160073; -40.2293606586; 4.6724403495; 12.8557862317; 4.2174785452; -73.7979849147; 4.3382931374; -66.6333724523; 3.6432014554; 37.2577262626; 4.3078493553; -23.4285954975; 4.0215697388; -92.4353246510
53.00; 1.9682029414; 20.1764857686; 2.0099835430; 14.7765122766; 2.0074953032; 0.2254776390; 2.1754242232; 1.1681896466; 2.1182302128; -26.9084206594; 2.0637872466; -45.4663182765; 4.6733876710; 15.8086182521; 4.2188375841; -92.0787313541; 4.3377200629; -72.7188574719; 3.6435157023; 35.4778257910; 4.3098330847; -41.8262872802; 4.0223672858; -100.0607188012
53.50; 1.9676906538; 15.4751288771; 2.0106201293; 14.6383929651; 2.0091203934; -6.6401378527; 2.1741400732; 17.0374231634; 2.1202327979; -37.0149021335; 2.0635364767; -47.4325025142; 4.6743784591; 18.0267513046; 4.2199575760; -98.2541641024; 4.3369460479; -72.4688556135; 3.6439270365; 31.7895614428; 4.3116795567; -52.0572269251; 4.0229341257; -97.4414297451
54.00; 1.9671593121; 9.6231879118; 2.0112522635; 15.7233995932; 2.0107814577; -17.2210312217; 2.1729696436; 28.1385751519; 2.1221065170; -43.7219180794; 2.0631600527; -45.5975594863; 4.6754121483; 19.5824035271; 4.2208129722; -91.1182326904; 4.3359786598; -65.7916092903; 3.6444200853; 26.5049531451; 4.3133450935; -51.5930374713; 4.0232747333; -85.1905145288
54.50; 1.9665796914; 2.9126608615; 2.0118938041; 17.3813509787; 2.0124700525; -32.2359519832; 2.1719292606; 34.5904030340; 2.1238584750; -46.1262193542; 2.0626583607; -40.0620849534; 4.6765086549; 20.5805391789; 4.2214397336; -73.2362807385; 4.3348250225; -53.8152031816; 3.6449849267; 19.9804669271; 4.3148568052; -41.0035993666; 4.0234320484; -66.1377301304
55.00; 1.9659338814; -3.9360524430; 2.0125444503; 18.9315034793; 2.0141209434; -50.8791411081; 2.1710493683; 36.6425426961; 2.1254621480; -44.0688910937; 2.0620541155; -31.6327564685; 4.6776587953; 21.0270656329; 4.2218873088; -49.5459691480; 4.3335353206; -38.7757140957; 3.6455943786; 12.8759977258; 4.3162319730; -23.6209220902; 4.0234628347; -44.5036898190
55.50; 1.9651954718; -9.9677885587; 2.0132126896; 19.7914079087; 2.0156808079; -70.7704018425; 2.1703319635; 34.7507706649; 2.1269293307; -38.2344288550; 2.0613722536; -21.3875417662; 4.6788666503; 20.9950215957; 4.2222323991; -24.4055905606; 4.3321535890; -22.9069773615; 3.6462270052; 5.8700491805; 4.3175304715; -3.6430472857; 4.0234343375; -23.7542827875
56.00; 1.9643467960; -13.9292705550; 2.0138995081; 19.5016680388; 2.0170800717; -88.0209106410; 2.1697726758; 29.3382234893; 2.1282713910; -29.7841138415; 2.0606485422; -10.5521398810; 4.6801250503; 20.6289506493; 4.2225529567; -0.8486457484; 4.3307371481; -8.1331760190; 3.6468565943; -0.2496817081; 4.3188096041; 15.1850877364; 4.0234108065; -6.2791374795
56.50; 1.9633659681; -14.6433290710; 2.0146116096; 17.7469535783; 2.0182775428; -98.2665165574; 2.1693477600; 20.6817227081; 2.1295268248; -19.7908441015; 2.0599106712; -0.0523219115; 4.6814430105; 20.2569562876; 4.2229267086; 19.7390892038; 4.3293203406; 4.3888494158; 3.6474683227; -4.8522725185; 4.3201412446; 30.7681950586; 4.0234460125; 6.9769944068
57.00; 1.9622509088; -11.2779440372; 2.0153437620; 14.3739097776; 2.0192394753; -98.5478803826; 2.1690294416; 9.0604919987; 2.1307247150; -9.2853099410; 2.0591926274; 9.2881300839; 4.6828166560; 20.3255553733; 4.2234189280; 36.5096550383; 4.3279449441; 14.0062930849; 3.6480455247; -7.4278270770; 4.3215742653; 42.0264280530; 4.0235809184; 15.6638060011
57.50; 1.9610022421; -3.6566060130; 2.0160925626; 9.3530728686; 2.0199726593; -89.0937663214; 2.1687775683; -5.3424632314; 2.1319077729; 0.9899139711; 2.0585178212; 16.9983317144; 4.6842574861; 21.2495165120; 4.2240888001; 49.0988954112; 4.3266301059; 20.3816207928; 3.6485834737; -7.7655715568; 4.3231593687; 48.7724155135; 4.0238442216; 19.8908455434
58.00; 1.9596382454; 7.6681858870; 2.0168461379; 2.7724508832; 2.0205083995; -73.0774732949; 2.1685450415; -22.1926298263; 2.1331134621; 10.3957743187; 2.0579081271; 22.7408663286; 4.6857753650; 23.3050483647; 4.2249833360; 57.0983592081; 4.3253910174; 23.4063901859; 3.6490817320; -5.9741986857; 4.3249301524; 51.0069768170; 4.0242521568; 19.7638014554
58.50; 1.9582042547; 21.4917544055; 2.0175788488; -5.0809066406; 2.0208924140; -55.0923126592; 2.1682793167; -40.5251190343; 2.1343641323; 18.3270738657; 2.0573864080; 26.2479928694; 4.6873681509; 26.5496942075; 4.2261273988; 59.9717604859; 4.3242461061; 23.0496580410; 3.6495410843; -2.4818559292; 4.3268887599; 48.6794079487; 4.0248041268; 15.3078913189
59.00; 1.9567526045; 36.4036865276; 2.0182616362; -13.7810182360; 2.0211794039; -38.9032298632; 2.1679225721; -58.5764520037; 2.1356798364; 24.2997983318; 2.0569669972; 27.3910714530; 4.6890400428; 30.7611461808; 4.2275299782; 57.1791491301; 4.3232001803; 19.3927461456; 3.6499690973; 2.0547425203; 4.3290252606; 41.6324441592; 4.0254859004; 6.5001631753
59.50; 1.9553288431; 51.2431170082; 2.0188671015; -22.8207202469; 2.0214214362; -26.6339708728; 2.1674149141; -74.0970714005; 2.1370847632; 27.9703223225; 2.0566535462; 26.1055302827; 4.6908112797; 35.3979178848; 4.2291924464; 48.1673970310; 4.3222393253; 12.5999427305; 3.6503803498; 6.9336689361; 4.3313307247; 29.4770599972; 4.0262745564; -6.7171710002
60.00; 1.9540036726; 64.9165807558; 2.0193553395; -31.4439884077; 2.0216540367; -18.8752944792; 2.1667133716; -83.9297812376; 2.1385711816; 29.0069730972; 2.0564477543; 22.4862583242; 4.6926723575; 39.7046783957; 4.2310671055; 32.7360158816; 4.3213567073; 3.1599338711; 3.6507835498; 11.4104995593; 4.3337391077; 12.0551167030; 4.0271194296; -23.8551266650
60.50; 1.9528249692; 76.7922344703; 2.0196959222; -39.0179487627; 2.0219018335; -14.9780078572; 2.1657874834; -85.9118583140; 2.1401409585; 27.2464039731; 2.0563391880; 16.8129606315; 4.6946354212; 43.1122523496; 4.2331058053; 11.2335318054; 4.3205239169; -8.1581261924; 3.6511919650; 14.9222634908; 4.3361964398; -10.5283647481; 4.0279671383; -43.8522642841
61.00; 1.9518189750; 86.6080049792; 2.0198654482; -45.1167381504; 2.0221808542; -13.8366679289; 2.1646168909; -79.7781139952; 2.1418102569; 22.6534555499; 2.0563099345; 9.5196154850; 4.6967387888; 45.2319518226; 4.2352708131; -15.1009340835; 4.3196947390; -20.3082639548; 3.6516221454; 17.1096963024; 4.3386670263; -37.5653590363; 4.0287670447; -64.8502537028
61.50; 1.9510497976; 93.7609436915; 2.0198372019; -49.2086034756; 2.0224861864; -14.3659772069; 2.1632567073; -67.6288810615; 2.1435139112; 15.6484463499; 2.0563388239; 1.6752484944; 4.6989253473; 45.7694675268; 4.2374152613; -41.8963601935; 4.3188568447; -31.2227792086; 3.6520679927; 17.6720185650; 4.3409930392; -65.3801978623; 4.0294302672; -82.8121733713
62.00; 1.9505246591; 98.2463935056; 2.0195965616; -51.2046355343; 2.0228224597; -15.6730749543; 2.1617171885; -52.3592984735; 2.1452664755; 6.7585229605; 2.0564020698; -5.7690561218; 4.7012439133; 44.7336083625; 4.2395017332; -64.4036178295; 4.3179579532; -39.1724645353; 3.6525412714; 16.5509366626; 4.3431386733; -89.7789670648; 4.0299156714; -94.1658228404
62.50; 1.9502626028; 99.8671236871; 2.0191360617; -50.9905920311; 2.0231839591; -17.2759339841; 2.1600523858; -37.0309797148; 2.1470332008; -2.8071660960; 2.0564765773; -11.5601263258; 4.7036827177; 42.2097065459; 4.2414509001; -77.0621369447; 4.3169764419; -42.4016770802; 3.6530373627; 13.8199766476; 4.3450181224; -104.8898807881; 4.0301850476; -95.8257307320
63.00; 1.9502699462; 98.4901626660; 2.0184539379; -48.4938807713; 2.0235661891; -19.2662404506; 2.1583058805; -23.6716615677; 2.1487893251; -11.5635344360; 2.0565445779; -14.6972960737; 4.7062416227; 38.2975149190; 4.2432276416; -76.6828379142; 4.3158987470; -40.0354610477; 3.6535500973; 9.6984054190; 4.3465881115; -106.1810741824; 4.0302329290; -87.1431686403
63.50; 1.9505438090; 94.0687171178; 2.0175578535; -43.7051877975; 2.0239621419; -22.2387952991; 2.1565200839; -13.2229244520; 2.1505073238; -17.9648024710; 2.0565961396; -14.6140769450; 4.7089089025; 33.0644466309; 4.2448311624; -63.9257852551; 4.3147314784; -32.4379153119; 3.6540675904; 4.5642405707; 4.3478422511; -92.6463498486; 4.0300849244; -70.2244011996
64.00; 1.9510663018; 86.8572776775; 2.0164748889; -36.8234427862; 2.0243570907; -27.1328482829; 2.1547478358; -5.9303102085; 2.1521486263; -20.8381375801; 2.0566307161; -11.5070273616; 4.7116389746; 26.6355462102; 4.2462824251; -42.8525278743; 4.3135106083; -21.2324076951; 3.6545692310; -0.9783201641; 4.3488083825; -67.6671558244; 4.0297947479; -49.1073756817
64.50; 1.9518210920; 77.2908904781; 2.0152135529; -28.1152594133; 2.0247402671; -35.0245996649; 2.1529856978; -1.6101654109; 2.1537292042; -19.9570944512; 2.0566581625; -6.0566613473; 4.7144529768; 19.0392903878; 4.2476677400; -18.0015851252; 4.3122521264; -8.3297655790; 3.6550463048; -6.3483257380; 4.3495783639; -36.4473574678; 4.0294231482; -27.4077998943
65.00; 1.9527839934; 66.3046390856; 2.0137942860; -18.0869110856; 2.0250879104; -46.8140562766; 2.1512343236; -0.0127918165; 2.1552632850; -15.8044026303; 2.0566952462; 0.7665772494; 4.7173491194; 10.5524168663; 4.2490731480; 6.7789324160; 4.3109860149; 4.3322526927; 3.6554863557; -10.8503200111; 4.3502530834; -4.2326046328; 4.0290334941; -7.9287950509
65.50; 1.9539036643; 55.6517255657; 2.0122760115; -7.6134757188; 2.0253553244; -62.1496633826; 2.1495273242; -0.9592523952; 2.1567385475; -9.4198514534; 2.0567621223; 7.7941818773; 4.7202540079; 1.8592191351; 4.2505510929; 28.5470295890; 4.3097716536; 14.9904431281; 3.6558689852; -13.7021300841; 4.3509205654; 24.6356211918; 4.0286913548; 7.3764136482
66.00; 1.9551555389; 47.1591947010; 2.0106828387; 2.6798835516; 2.0254945153; -79.3041471565; 2.1478452948; -4.3212798469; 2.1581887222; -1.8097412584; 2.0568809144; 14.2047468835; 4.7231678049; -6.3185998931; 4.2521818883; 46.1698374875; 4.3086302865; 22.7926244811; 3.6561897143; -14.3905489389; 4.3516768886; 48.4976074108; 4.0284398812; 18.0925297051
66.50; 1.9565150583; 42.5972426601; 2.0090500547; 12.1596653556; 2.0254485157; -94.6124813140; 2.1461746117; -9.9974718774; 2.1596394182; 6.0864937564; 2.0570717540; 19.3265574116; 4.7260692612; -13.1414871504; 4.2540224720; 58.9296923650; 4.3075844899; 27.2529165869; 3.6564472459; -12.6559051529; 4.3525982565; 66.9001927159; 4.0283111687; 24.2022745991
67.00; 1.9579766426; 43.0213907658; 2.0074050841; 20.3426518264; 2.0251646193; -103.4332521171; 2.1444886637; -18.0026302578; 2.1611218461; 13.5635078640; 2.0573519765; 22.7217270875; 4.7289503826; -17.8648319364; 4.2561220725; 66.4814767209; 4.3066437878; 28.2222500264; 3.6566482421; -8.5631154198; 4.3537484463; 79.9829728130; 4.0283232255; 25.8989581876
67.50; 1.9595125521; 48.3284718602; 2.0058152187; 26.6811764059; 2.0246191425; -102.0907200819; 2.1427989900; -28.0551638050; 2.1626254804; 19.8626295307; 2.0577257448; 24.0333390928; 4.7317319286; -19.9411931108; 4.2584560916; 68.4163382140; 4.3058319618; 25.7201496340; 3.6568012555; -2.6449768221; 4.3551429175; 87.6841694297; 4.0284793214; 23.3261553323
68.00; 1.9611497877; 57.3590048804; 2.0042980931; 31.0172867729; 2.0238143721; -90.4480764236; 2.1410667293; -39.6517761626; 2.1641744741; 24.5482458729; 2.0581977082; 23.1305064029; 4.7344182876; -19.4007237209; 4.2610360647; 64.5651022963; 4.3051369857; 19.9408394641; 3.6569258184; 4.4199635499; 4.3568092955; 89.8426152191; 4.0287689866; 16.5895763557
68.50; 1.9629491931; 68.5028307689; 2.0028470295; 33.3942338682; 2.0227723165; -71.5533909428; 2.1392271187; -51.9233917203; 2.1658068687; 27.3052432453; 2.0587726607; 19.9495610670; 4.7370525396; -16.6419812656; 4.2638895349; 54.5455801406; 4.3045301446; 11.0822323961; 3.6570460049; 11.9457276556; 4.3587813505; 86.0399008281; 4.0291742090; 5.5969781241
69.00; 1.9649559068; 79.9430750273; 2.0014713503; 33.9715179962; 2.0215480992; -50.2246762855; 2.1372382231; -62.9738832359; 2.1675323709; 27.7682756714; 2.0594422314; 14.5150294324; 4.7396441839; -12.3573834779; 4.2669888014; 37.9955708390; 4.3039843421; -0.4687899472; 3.6571854174; 19.1517608498; 4.3610520042; 75.5998821471; 4.0296605861; -9.5453308439
69.50; 1.9671911248; 90.0317605755; 2.0001894962; 33.1361371989; 2.0202201963; -30.8855598926; 2.1350860992; -70.0683437552; 2.1693329387; 25.6863989552; 2.0601826693; 7.0617536215; 4.7421772815; -7.4073240778; 4.2702481209; 15.1476479555; 4.3034700938; -13.9651471901; 3.6573650490; 25.2694488630; 4.3635651441; 58.1758314786; 4.0301747239; -28.0199694654
70.00; 1.9696823208; 97.6682008380; 1.9990036164; 31.4903938277; 2.0188537169; -15.8724287678; 2.1327571501; -70.6712480365; 2.1711942035; 20.9471227012; 2.0609677363; -2.0074472780; 4.7446572642; -2.6284989201; 4.2735821605; -12.8142376189; 4.3029473590; -28.3278792343; 3.6576032045; 29.7538893341; 4.3662558339; 34.1923908468; 4.0306560193; -48.1127564086
70.50; 1.9724660241; 102.2321445020; 1.9979029919; 29.7236844882; 2.0174898382; -5.5901996986; 2.1302411626; -63.5548894614; 2.1731079883; 13.5844789624; 2.0617719085; -12.1144650721; 4.7471087171; 1.3714929957; 4.2769151758; -43.2166846177; 4.3023691803; -42.2722734861; 3.6579148952; 32.2838952662; 4.3690584601; 5.4273165640; 4.0310429303; -67.0620963363
71.00; 1.9755808622; 103.3831583565; 1.9968727888; 28.4791375011; 2.0161498232; 0.6525241459; 2.1275412869; -49.5041377793; 2.1750659503; 3.8543586141; 2.0625693748; -22.4514497198; 4.7495630853; 4.1905460824; 4.2801761456; -71.4751805006; 4.3016868823; -54.1978902148; 3.6583111768; 32.7029543154; 4.3719035778; -24.4016708658; 4.0312781925; -81.2455032351
71.50; 1.9789870960; 100.9396217298; 1.9959223739; 28.2773449148; 2.0148712450; 4.0523684553; 2.1247401418; -31.3106179573; 2.1770106563; -7.3863192783; 2.0633161884; -31.7695125336; 4.7519953377; 5.5281460677; 4.2832301017; -91.1386030580; 4.3008721890; -62.1333171498; 3.6587885864; 31.0109749872; 4.3746570343; -48.9529739413; 4.0313139223; -86.9072691883
72.00; 1.9826668085; 94.9017374853; 1.9950513896; 29.4233088335; 2.0136658964; 6.0239415989; 2.1219017637; -12.1316538057; 2.1789041538; -18.9346426433; 2.0639814934; -38.9385286077; 4.7544060286; 5.2572653287; 4.2860102452; -97.3384446387; 4.2999019686; -64.8380312268; 3.6593413459; 27.3981201006; 4.3772361915; -62.0293596754; 4.0311336031; -82.3622238320
72.50; 1.9866086599; 85.3354834146; 1.9942594702; 32.0679012830; 2.0125344471; 7.7400340622; 2.1190779219; 5.5703378998; 2.1807182338; -29.3588528143; 2.0645447592; -43.1413254378; 4.7568037663; 3.3758339747; 4.2885070975; -89.0775403121; 4.2987643258; -62.0468340763; 3.6599608271; 22.2057996519; 4.3796083706; -60.0731862428; 4.0307519910; -68.6903192994
73.00; 1.9908012267; 72.3701755718; 1.9935501973; 36.2518748729; 2.0114743160; 9.8521224751; 2.1163083573; 20.3506239973; 2.1824326898; -37.3024313158; 2.0649953083; -44.0649125088; 4.7591983406; -0.0103338537; 4.2907603764; -69.5331700615; 4.2974601635; -54.4575189895; 3.6606358603; 15.9154239323; 4.3817922986; -43.8557062171; 4.0302097311; -49.1347738466
73.50; 1.9952464712; 56.1925451578; 1.9929303141; 41.9230613213; 2.0104795720; 12.3817266098; 2.1136101069; 31.6395731570; 2.1840427580; -41.9022448302; 2.0653333434; -41.9223968919; 4.7616072704; -4.6769322320; 4.2928532175; -43.9890772995; 4.2959962461; -43.4635864676; 3.6613562700; 9.1065468379; 4.3838599769; -17.8081092417; 4.0295609109; -27.5386044773
74.00; 1.9998991856; 37.3628659698; 1.9924193434; 48.8133633540; 2.0095555932; 14.6874437641; 2.1110150008; 39.2390461225; 2.1855378390; -42.9266614800; 2.0655635775; -37.3279778405; 4.7640225157; -10.1967510195; 4.2948659469; -17.6107304806; 4.2944005659; -30.7533669369; 3.6621045584; 2.5182399227; 4.3858937598; 11.9813783732; 4.0288702812; -7.2877414101
74.50; 2.0045905408; 17.3241334001; 1.9920528200; 56.2401918222; 2.0087286278; 15.5523525973; 2.1086051900; 43.0355771975; 2.1868830880; -40.7948728562; 2.0656935770; -31.1825588991; 4.7663747795; -15.8182617977; 4.2968330475; 5.5986978881; 4.2927461218; -18.3308478704; 3.6628455893; -2.9475005024; 4.3879385667; 39.7132505291; 4.0282152090; 9.1023897698
75.00; 2.0093163213; -2.7402108981; 1.9918515268; 63.5702394548; 2.0079876587; 13.6062757027; 2.1063585124; 43.2999490165; 2.1881060711; -36.2598081555; 2.0657432368; -24.1648553953; 4.7686811807; -20.8617698622; 4.2988520269; 24.3760131841; 4.2910469103; -7.2467472442; 3.6635746081; -6.7429095406; 4.3901074716; 62.6635209857; 4.0276364827; 21.0514969700
75.50; 2.0140241668; -21.1209100413; 1.9918420511; 69.9815355017; 2.0073223091; 7.5133730153; 2.1042686846; 40.0953267555; 2.1892260633; -30.0989613317; 2.0657328521; -16.8858777702; 4.7709353228; -24.5466972943; 4.3009862146; 38.2477556090; 4.2893295900; 1.7755225529; 3.6642841553; -8.4920223696; 4.3924785493; 79.5407310162; 4.0271684356; 28.4802682784
76.00; 2.0185975336; -35.8578615079; 1.9920480053; 74.5950160610; 2.0067189067; -3.3296591874; 2.1023495677; 33.5331142633; 2.1902502605; -23.0741046888; 2.0656837497; -9.9346889380; 4.7731010833; -26.1578540894; 4.3032513538; 47.0463984483; 4.2876402378; 8.2049205923; 3.6649623948; -8.1197440550; 4.3950753245; 89.8557825845; 4.0268379099; 31.5466009561
76.50; 2.0229845533; -45.7755220920; 1.9924852541; 76.7846518762; 2.0061411171; -18.2612502397; 2.1005806239; 23.7594333972; 2.1912008207; -15.7928067633; 2.0656165029; -3.7247362392; 4.7751733885; -25.3401719585; 4.3056693297; 50.9222358214; 4.2859983772; 11.8632974951; 3.6656117359; -5.9166500527; 4.3979249981; 93.6966407614; 4.0266518713; 30.5867109661
77.00; 2.0272104925; -50.7283899309; 1.9931685337; 76.1758781765; 2.0055317253; -35.1000089002; 2.0989073147; 10.8820618046; 2.1921131726; -8.7249719979; 2.0655485461; 1.4618357245; 4.7771826713; -22.0901511848; 4.3082808782; 49.9350137886; 4.2843926993; 12.7083010655; 3.6662489375; -2.4004087040; 4.4010754763; 91.0816494674; 4.0266026844; 25.8035464062
77.50; 2.0313519291; -51.4373740139; 1.9941165831; 72.5414488321; 2.0048203311; -50.1740913930; 2.0972524679; -4.9423417782; 2.1930292541; -2.2829689178; 2.0654938985; 5.3857531101; 4.7791831439; -16.6871619888; 4.3111411148; 43.7981875441; 4.2827900302; 10.7075979516; 3.6669002250; 1.8154282497; 4.4045923350; 81.5852337511; 4.0266742368; 17.1404731766
78.00; 2.0353082846; -49.1382304607; 1.9952992991; 66.0326042480; 2.0039723070; -58.3782410986; 2.0956056899; -22.2979006883; 2.1939468943; 2.8145252142; 2.0654656485; 7.6425680457; 4.7811434767; -9.9401298725; 4.3141626754; 32.2645610923; 4.2812222395; 5.9842645895; 3.6675642374; 5.8902441093; 4.4083656486; 64.9414853280; 4.0268371829; 4.8641711846
78.50; 2.0390586827; -45.2523757422; 1.9966853373; 57.1003610491; 2.0029660881; -56.5778026113; 2.0939247932; -39.0948368523; 2.1948741309; 6.0074287134; 2.0654703972; 8.0157708576; 4.7830690793; -2.7419633502; 4.3172824266; 15.2623987445; 4.2796865940; -1.1072189268; 3.6682490880; 9.1243305005; 4.4123122962; 41.0474168328; 4.0270493074; -10.5105365203
79.00; 2.0426136785; -40.9243311283; 1.9982406631; 46.4544493545; 2.0018073436; -45.2984383615; 2.0921591951; -52.5387218101; 2.1958187626; 6.8614738495; 2.0655085577; 6.5050172280; 4.7849793312; 3.9986601624; 4.3204389734; -6.7032507668; 4.2781629409; -9.9142120098; 3.6689641874; 10.9996138477; 4.4163495162; 10.2888746554; 4.0272595305; -27.8759642108
79.50; 2.0459793010; -36.9087803106; 1.9999215858; 35.0374836113; 2.0005343070; -28.3735275096; 2.0902727419; -59.6671102312; 2.1967796301; 5.0616771612; 2.0655744970; 3.3545052262; 4.7868888074; 9.5522813134; 4.3235505002; -31.7486390871; 4.2766285670; -19.3224989844; 3.6697132149; 11.1729866170; 4.4203663387; -25.6059328687; 4.0274107602; -45.0896881568
80.00; 2.0492824059; -33.5259027339; 2.0017444615; 23.4671039403; 1.9991555020; -10.0916052136; 2.0881782405; -58.6878220135; 2.1977831828; 0.3960426194; 2.0656601670; -0.9825488803; 4.7888791888; 13.5464988105; 4.3266396381; -57.0908704988; 4.2750019031; -28.1093965948; 3.6705226274; 9.4601669725; 4.4243828044; -64.4202950957; 4.0274513472; -59.6041901485
80.50; 2.0524706406; -31.0969270385; 2.0036344200; 12.8903933001; 1.9977523034; 5.3407700847; 2.0859164677; -49.6245662517; 2.1987961501; -6.8698502977; 2.0657500489; -5.5107026805; 4.7909258881; 15.5536464098; 4.3295650379; -76.7951603253; 4.2732852931; -34.1574032741; 3.6713728951; 5.8662050806; 4.4281984283; -99.5773557643; 4.0273322011; -67.6603793436
81.00; 2.0555460806; -29.7611499009; 2.0055496323; 4.0003257016; 1.9963747556; 16.1386954597; 2.0835200545; -34.7678820119; 2.1997945571; -15.9477228323; 2.0658290501; -9.0411281365; 4.7930321935; 15.3789106480; 4.3322575957; -85.1450331703; 4.2714620418; -35.4896282042; 3.6722521227; 0.5329740835; 4.4316941987; -123.6004172405; 4.0270269909; -66.7668580189
81.50; 2.0585185219; -29.5963219535; 2.0074609382; -2.9287079883; 1.9950535473; 22.3607122053; 2.0810315541; -17.4605454725; 2.2007530363; -25.4585237156; 2.0658852762; -10.4126792589; 4.7952028763; 13.0671296361; 4.3346945085; -79.1820604916; 4.2695231109; -30.8010671410; 3.6731464420; -6.2220598072; 4.4347992718; -130.4470034156; 4.0265370922; -56.8003848570
82.00; 2.0613520465; -30.6595997273; 2.0093191125; -7.8448684470; 1.9938235613; 25.0890194694; 2.0785365565; -0.9796333504; 2.2016321760; -33.4379960676; 2.0659126324; -8.8501509097; 4.7974057889; 8.7817161847; 4.3368644354; -60.6042959989; 4.2675054067; -20.1081260325; 3.6740252500; -13.7999309864; 4.4374540493; -118.4708520422; 4.0259000637; -40.2854056327
82.50; 2.0640610813; -32.9829378755; 2.0111172471; -10.9706333567; 1.9926847198; 25.8964582394; 2.0760720474; 12.7948123451; 2.2024153043; -38.1548116830; 2.0659148973; -4.2477136318; 4.7996433570; 2.7557933955; 4.3388398054; -34.4290293585; 4.2654279877; -4.6178956325; 3.6748721049; -21.5772488490; 4.4397136224; -91.4247474680; 4.0251646861; -20.8335237746
83.00; 2.0666767776; -36.5824077335; 2.0128692855; -12.5400292248; 1.9916228338; 26.1119815676; 2.0736461165; 23.0905244975; 2.2031014254; -38.5732132461; 2.0659048417; 2.9022263429; 4.8019324296; -4.7198686205; 4.3407304988; -6.1052165992; 4.2633061672; 13.7763339668; 3.6756767354; -28.8854586735; 4.4416929491; -55.8604845930; 4.0243813717; -1.6855034643
83.50; 2.0691558846; -41.2864219937; 2.0145482673; -12.6935575642; 1.9906509942; 26.5599011827; 2.0713200881; 29.5106129124; 2.2036835712; -34.6188201973; 2.0659030192; 11.5261929667; 4.8042262426; -13.0208402068; 4.3426018084; 19.6838083598; 4.2612190672; 32.5065642814; 3.6764086300; -34.8407000981; 4.4434768920; -19.1518531948; 4.0236192868; 14.4938990019
84.00; 2.0714698367; -46.7439058757; 2.0161446322; -11.6347730557; 1.9897750257; 27.3406591095; 2.0691264093; 32.1686379502; 2.2041739460; -27.1566607094; 2.0659342533; 20.4869399860; 4.8064896347; -21.3938687502; 4.3445232857; 40.6419366753; 4.2592331328; 49.4980528816; 3.6770474133; -38.7351426061; 4.4451693816; 13.5993096257; 4.0229330726; 26.4806700117
84.50; 2.0735983938; -52.3720202532; 2.0176606254; -9.7064710370; 1.9889973224; 27.8338113886; 2.0670756361; 31.3099540121; 2.2045980024; -17.4566340923; 2.0660240520; 28.8696610480; 4.8086962063; -29.0243216599; 4.3465559876; 56.2116578402; 4.2574006458; 63.3738891875; 3.6775823666; -40.1430452188; 4.4468692541; 39.7784684162; 4.0223604226; 34.0637093225
85.00; 2.0755238466; -57.3645539364; 2.0191038070; -7.4073803533; 1.9883180596; 26.8600461607; 2.0651645843; 27.1229913517; 2.2049881342; -6.7373074987; 2.0661958945; 36.0315514868; 4.8108239513; -35.1311919829; 4.3487452009; 66.6306847637; 4.2557619679; 73.3159342335; 3.6780111821; -38.9887381759; 4.4486561738; 58.4649490278; 4.0219237734; 37.5016879954
85.50; 2.0772595118; -60.8551512092; 2.0205053856; -5.2972410440; 1.9877226284; 22.9100062263; 2.0633508400; 19.6335686452; 2.2053853133; 4.1133569794; 2.0664727344; 41.6655513268; 4.8128873380; -39.1845115155; 4.3511543797; 72.3969163092; 4.2543216784; 79.0366115184; 3.6783453052; -35.5208764819; 4.4506146635; 69.8017883738; 4.0216262593; 37.2213305046
86.00; 2.0787864581; -61.9596018458; 2.0218677225; -3.9637802549; 1.9872000660; 14.5493163275; 2.0616192819; 8.9162863284; 2.2058226921; 14.1793317895; 2.0668693840; 45.4484536156; 4.8148645494; -40.8435253866; 4.3537883215; 73.6239037125; 4.2531040080; 80.3140400668; 3.6785947833; -30.3131784814; 4.4527707966; 73.8876663865; 4.0214674169; 33.5430841662
86.50; 2.0800867472; -60.1553143896; 2.0231814368; -3.8503792443; 1.9867277763; 1.1255821759; 2.0599555897; -4.7260456090; 2.2063267973; 22.6350299706; 2.0673905284; 47.1335472200; 4.8167278531; -40.1611200989; 4.3566153742; 70.1974466702; 4.2521252382; 77.1387288425; 3.6787743286; -24.1765500371; 4.4551101530; 70.9433634980; 4.0214347662; 26.7528452625
87.00; 2.0811827619; -55.4178829387; 2.0244601293; -5.1727967250; 1.9862564755; -16.8429090141; 2.0583014218; -20.9628929191; 2.2069279950; 28.9304236610; 2.0680432408; 46.5800324944; 4.8184957085; -37.5666730753; 4.3596433112; 61.7227333385; 4.2513648197; 69.6313963027; 3.6789061123; -17.8468379280; 4.4576410601; 61.1455164776; 4.0215030869; 16.9829687809
87.50; 2.0820971719; -48.1416491456; 2.0257026355; -7.9399996607; 1.9857258278; -36.7640528412; 2.0566024459; -38.7843189503; 2.2076463834; 32.5347203945; 2.0688247239; 43.6827246995; 4.8201783110; -33.7386774710; 4.3628445496; 47.6949812317; 4.2507971766; 58.1149961668; 3.6790112260; -12.0248118030; 4.4603345718; 44.6297957571; 4.0216383394; 4.4802333151
88.00; 2.0828652281; -38.9491997642; 2.0269078544; -11.9510421310; 1.9850664050; -54.0248137914; 2.0547915202; -56.4397419335; 2.2084971072; 33.0176587917; 2.0697289837; 38.4079335752; 4.8217966804; -29.4534804117; 4.3661887683; 27.7799147812; 4.2503825306; 43.1528642080; 3.6791095313; -7.2659270397; 4.4631531376; 21.6462219158; 4.0217984775; -10.1886966902
88.50; 2.0835137446; -28.6960814875; 2.0280466068; -16.7327421421; 1.9842299496; -62.9140209888; 2.0528372849; -70.8475280519; 2.2094690654; 29.9966396109; 2.0707254694; 31.0144534858; 4.8233417622; -25.5477621412; 4.3695630550; 2.9426942693; 4.2500787618; 26.0708151501; 3.6792155571; -4.0412896965; 4.4659848671; -6.2935029563; 4.0219316862; -25.4321164927
89.00; 2.0840900838; -17.9552880024; 2.0291140953; -21.7446669216; 1.9831779892; -60.0543099730; 2.0506755120; -78.7656742115; 2.2105608052; 23.2210443265; 2.0717988128; 21.9310361966; 4.8248405171; -22.5957490473; 4.3729172957; -24.6454401080; 4.2498281598; 8.4042176837; 3.6793413702; -2.5463633386; 4.4687678763; -36.5639618297; 4.0219878914; -39.0746646560
89.50; 2.0846366145; -7.2949946313; 2.0300940697; -26.3143595141; 1.9819155946; -46.0808752621; 2.0482787712; -77.4335164662; 2.2117514725; 12.8016653778; 2.0729203453; 11.9857533535; 4.8263032152; -21.0598005486; 4.3761640046; -50.4181227735; 4.2495744406; -7.6404211362; 3.6794927325; -2.8541834321; 4.4714084141; -64.3559552498; 4.0219210238; -48.1681768646
90.00; 2.0851912570; 2.7233881371; 2.0309654490; -29.7599173902; 1.9804914570; -25.4193760336; 2.0456644758; -66.1173724607; 2.2130014732; -0.5534543380; 2.0740517481; 2.4166208249; 4.8277267262; -21.2036640842; 4.3792020294; -68.0748975131; 4.2492680912; -19.5299336930; 3.6796687299; -4.8755472092; 4.4738044707; -83.2473235165; 4.0217004534; -50.0792153208
90.50; 2.0857976350; 11.7599701987; 2.0317247016; -31.6172876745; 1.9789543401; -3.3386321329; 2.0428417573; -46.5253877378; 2.2142815975; -15.6334264747; 2.0751734812; -5.5584325673; 4.8291252585; -23.0957044531; 4.3820042789; -72.5056208965; 4.2488678548; -25.3524511998; 3.6798657088; -8.3835924352; 4.4759200288; -87.8418877712; 4.0213157649; -43.8344734861
91.00; 2.0864948195; 19.5073559482; 2.0323697076; -31.6581249152; 1.9773598470; 16.0875978016; 2.0398491883; -22.0663073356; 2.2155550318; -30.5602356716; 2.0762680487; -10.8663944451; 4.8305039927; -26.6229988684; 4.3845745434; -62.2074498444; 4.2483505916; -24.2191418388; 3.6800752375; -12.9985723495; 4.4777535095; -75.8388012021; 4.0207808213; -30.6210968019
91.50; 2.0872966821; 25.4358325800; 2.0328859643; -29.9342058978; 1.9758011528; 30.5234080125; 2.0368259932; 2.9185173337; 2.2167496027; -42.6894145354; 2.0772949443; -12.8346908808; 4.8318238730; -31.4423590280; 4.3868893972; -40.7657184848; 4.2477293668; -16.8079829712; 3.6802794651; -18.0397751210; 4.4793023847; -49.8767049676; 4.0201469792; -13.6943416700
92.00; 2.0882327501; 29.3319309128; 2.0332847603; -26.6792142421; 1.9743065091; 40.1793719461; 2.0338190972; 25.7591080618; 2.2178417355; -50.2669479032; 2.0782580834; -11.6857048146; 4.8330851105; -37.1434586449; 4.3890406408; -14.1365311812; 4.2470199070; -5.0264930374; 3.6804656388; -22.8499232712; 4.4806643612; -15.4965660338; 4.0194606904; 3.7530380902
92.50; 2.0893156175; 30.9728641973; 2.0335763009; -22.1978343986; 1.9729082946; 46.1512846790; 2.0309047605; 44.7892277081; 2.2188078827; -52.5188359416; 2.0791585080; -8.2404006916; 4.8342693113; -43.1370435681; 4.3911078886; 11.8226544518; 4.2462586675; 8.5844536908; 3.6806192028; -26.6706382393; 4.4819438797; 20.8105608110; 4.0187777410; 19.0777423078
93.00; 2.0905350527; 30.1437153365; 2.0337726911; -16.8038475467; 1.9716436634; 49.8956531945; 2.0281814383; 59.1276224148; 2.2196306007; -49.9801934944; 2.0799938228; -3.6747989476; 4.8353435286; -48.6398645627; 4.3931438783; 33.2091040659; 4.2454972514; 21.5342153141; 3.6807270339; -28.8069126758; 4.4832359301; 53.6156377698; 4.0181554724; 30.6495573270
93.50; 2.0918901245; 26.8682585400; 2.0338947455; -10.6729501173; 1.9705188713; 52.7922054650; 2.0256825187; 68.7549982206; 2.2203239101; -44.0763671619; 2.0807803579; 0.9842006124; 4.8362966195; -52.9170793282; 4.3952218932; 48.8809173164; 4.2447721090; 32.2210672366; 3.6807838127; -28.8502676439; 4.4846458739; 80.2321360157; 4.0176275514; 38.1140963854
94.00; 2.0933939482; 21.3214525206; 2.0339673125; -3.9044341524; 1.9695223543; 55.6752005624; 2.0233912547; 73.9372711258; 2.2209208878; -36.2838975082; 2.0815459181; 5.0492311847; 4.8371339643; -55.3154349352; 4.3974292458; 59.1906193406; 4.2441021428; 39.8359560724; 3.6807907570; -26.6834400610; 4.4862827043; 99.8535389228; 4.0172077715; 41.7498667672
94.50; 2.0950019314; 14.1710973234; 2.0340145039; 3.0718883792; 1.9686798749; 58.5672674960; 2.0213610900; 74.6765997722; 2.2214370333; -28.0617594289; 2.0822888770; 7.9920646250; 4.8378349074; -55.2106944249; 4.3997605891; 64.5267500223; 4.2435212231; 43.7609683977; 3.6807545610; -22.5708722350; 4.4881797713; 111.7617807537; 4.0169142366; 41.8818607117
95.00; 2.0967254483; 6.1736443108; 2.0340644387; 9.9649215905; 1.9679819340; 60.9430814347; 2.0195481271; 70.9834483626; 2.2219103460; -20.1827065377; 2.0830335929; 9.6636907565; 4.8384156143; -52.2961514621; 4.4022843556; 65.5971684835; 4.2430281205; 43.9228796661; 3.6806871297; -16.9457765067; 4.4904175339; 116.1756090634; 4.0167403247; 38.9420852973
95.50; 2.0985148790; -1.3892793815; 2.0341438897; 16.1366496262; 1.9674458143; 61.6261271446; 2.0179649075; 62.8372987534; 2.2223590943; -13.4345291960; 2.0837738374; 9.9666504501; 4.8388767034; -46.7190682763; 4.4049697580; 62.5965780788; 4.2426300605; 40.3042650195; 3.6806064798; -10.5966979719; 4.4929818223; 113.0023112585; 4.0166785582; 33.3131364814
96.00; 2.1003499835; -7.3522237393; 2.0342785656; 21.0589973336; 1.9670713221; 59.2132447432; 2.0165797543; 50.2339005731; 2.2228053716; -8.3031014043; 2.0845112238; 8.9044656398; 4.8392365228; -39.0125664442; 4.4078127711; 55.3347245757; 4.2423144690; 33.0222129802; 3.6805318708; -4.2894115891; 4.4958697824; 102.2080539594; 4.0167090939; 25.2419985594
96.50; 2.1021951350; -10.8344940313; 2.0344883907; 24.2386656858; 1.9668522679; 52.4382706440; 2.0153630615; 33.6664131532; 2.2232604701; -5.2628338669; 2.0852346169; 6.5101657162; 4.8395155351; -30.0550645634; 4.4107619263; 43.3901510263; 4.2420612823; 22.4099661918; 3.6804831629; 1.1956347701; 4.4990204097; 83.8808185213; 4.0168034175; 15.0592757733
97.00; 2.1040669665; -11.6664107447; 2.0347916709; 25.4231236951; 1.9667619634; 40.4110758904; 2.0142428443; 13.9149193139; 2.2237394338; -4.6653012225; 2.0859459614; 2.7892022940; 4.8397451033; -20.6839681632; 4.4138187082; 26.0673047475; 4.2418337883; 8.7901412596; 3.6804763797; 5.3462235671; 4.5024205568; 57.8692459071; 4.0169275269; 3.0287230628
97.50; 2.1059497932; -10.2415171413; 2.0351941541; 24.5063151363; 1.9667611362; 23.5066655298; 2.0131644468; -6.8872699815; 2.2242389229; -6.8736469445; 2.0866270455; -2.1365028837; 4.8399515475; -11.8983836375; 4.4169001485; 3.4592795219; 4.2415918718; -6.8998229576; 3.6805241489; 7.7032756803; 4.5059602380; 25.0711755383; 4.0170391307; -9.8611920041
98.00; 2.1078542978; -7.3814341132; 2.0356964686; 21.6346473103; 1.9667937536; 3.7579409187; 2.0120587742; -25.4652843483; 2.2247513580; -12.1494936997; 2.0872632622; -8.0413300191; 4.8401616261; -4.4086279309; 4.4199367568; -23.1382630437; 4.2412868151; -23.3099359712; 3.6806333385; 8.0324178871; 4.5095412696; -12.6058299565; 4.0170942431; -21.9939263349
98.50; 2.1098072106; -4.0201613049; 2.0362952146; 17.1672933780; 1.9667951553; -14.9877278775; 2.0108573646; -37.9385405552; 2.2252625591; -20.6069626821; 2.0878406944; -14.4915712759; 4.8403992653; 1.3868394686; 4.4228641640; -50.4908466164; 4.2408656824; -38.5552870845; 3.6808054577; 6.2627928368; 4.5130712261; -51.6390515440; 4.0170513497; -31.1143613012
99.00; 2.1118229132; -0.9951225141; 2.0369773767; 11.7278310347; 1.9667036084; -27.6143694292; 2.0095189280; -40.8173254494; 2.2257446892; -31.9795958443; 2.0883391502; -20.7559244236; 4.8406816630; 5.4008937783; 4.4255935574; -72.9336168919; 4.2402811408; -50.1363630582; 3.6810348625; 2.4937821348; 4.5164272909; -86.1373983720; 4.0168778838; -34.7441350504
99.50; 2.1138993003; 1.0437635891; 2.0377206009; 6.1428543974; 1.9664779082; -29.9242940449; 2.0080425862; -32.7402136903; 2.2261576183; -45.2934085346; 2.0887360023; -25.7648684309; 4.8410182763; 7.7834920179; 4.4280334393; -83.8853313102; 4.2395021439; -55.4676720985; 3.6813077899; -2.9735762328; 4.5194778380; -108.9865838808; 4.0165605799; -31.2987249398
100.00; 2.1160723838; 1.7245712633; 2.0385162422; 1.1358933317; 1.9661055961; -20.9677929957; 2.0064325958; -15.2480159945; 2.2264638588; -59.0822214229; 2.0890211990; -28.4830652652; 4.8414202431; 8.9107576389; 4.4301799190; -79.4881691286; 4.2385019890; -52.9240063494; 3.6816104236; -9.7675125919; 4.5221912089; -115.2337902216; 4.0161030796; -20.9904865364
