#     Step;    Sim. Time;   Iter;    t_Ener;    t_Grad;       Temp;       E_Kin;           E_Pot;           E_Tot;        Cons.Qty;   E.Drift
         0;          0.0;     11;      0.35;          ;     300.00;    0.004275;      -76.335476;      -76.331200;                ;          
         1;          0.5;      6;      0.46;      0.15;     263.07;    0.003749;      -76.333745;      -76.329996;      -76.329996;      0.00
         2;          1.0;      6;      0.22;      0.15;     325.29;    0.004636;      -76.334720;      -76.330084;      -76.330084;     -3.09
         3;          1.5;      7;      0.23;      0.15;     482.96;    0.006882;      -76.337093;      -76.330210;      -76.330210;     -7.51
         4;          2.0;      8;      0.25;      0.16;     606.15;    0.008638;      -76.338916;      -76.330278;      -76.330278;     -9.89
         5;          2.5;      8;      0.27;      0.16;     614.66;    0.008759;      -76.339026;      -76.330266;      -76.330266;     -9.47
         6;          3.0;      8;      0.26;      0.15;     508.48;    0.007246;      -76.337453;      -76.330207;      -76.330207;     -7.40
         7;          3.5;      7;      0.25;      0.15;     341.55;    0.004867;      -76.335007;      -76.330140;      -76.330140;     -5.03
         8;          4.0;      7;      0.23;      0.15;     182.70;    0.002604;      -76.332690;      -76.330086;      -76.330086;     -3.16
         9;          4.5;      7;      0.22;      0.15;      89.15;    0.001270;      -76.331326;      -76.330056;      -76.330056;     -2.08
        10;          5.0;      6;      0.21;      0.14;      94.97;    0.001353;      -76.331402;      -76.330049;      -76.330049;     -1.85
        11;          5.5;      5;      0.20;      0.15;     207.78;    0.002961;      -76.333027;      -76.330066;      -76.330066;     -2.44
        12;          6.0;      6;      0.21;      0.14;     408.70;    0.005824;      -76.335930;      -76.330106;      -76.330106;     -3.84
        13;          6.5;      7;      0.27;      0.15;     653.70;    0.009316;      -76.339481;      -76.330165;      -76.330165;     -5.93
        14;          7.0;      7;      0.25;      0.15;     878.93;    0.012525;      -76.342759;      -76.330233;      -76.330233;     -8.32
        15;          7.5;      7;      0.23;      0.15;    1014.94;    0.014463;      -76.344749;      -76.330285;      -76.330285;    -10.13
        16;          8.0;      8;      0.24;      0.15;    1014.49;    0.014457;      -76.344742;      -76.330284;      -76.330284;    -10.11
        17;          8.5;      8;      0.26;      0.15;     887.07;    0.012641;      -76.342853;      -76.330212;      -76.330212;     -7.57
        18;          9.0;      8;      0.26;      0.15;     712.08;    0.010148;      -76.340252;      -76.330104;      -76.330104;     -3.78
        19;          9.5;      6;      0.27;      0.14;     598.73;    0.008532;      -76.338577;      -76.330044;      -76.330044;     -1.68
        20;         10.0;      6;      0.20;      0.14;     606.50;    0.008643;      -76.338726;      -76.330083;      -76.330083;     -3.03
        21;         10.5;      8;      0.22;      0.14;     699.34;    0.009966;      -76.340144;      -76.330178;      -76.330178;     -6.37
        22;         11.0;      7;      0.22;      0.14;     781.98;    0.011144;      -76.341394;      -76.330250;      -76.330250;     -8.91
        23;         11.5;      7;      0.21;      0.14;     775.07;    0.011045;      -76.341306;      -76.330260;      -76.330260;     -9.27
        24;         12.0;      8;      0.23;      0.14;     658.85;    0.009389;      -76.339609;      -76.330220;      -76.330220;     -7.86
        25;         12.5;      8;      0.23;      0.15;     467.47;    0.006662;      -76.336823;      -76.330161;      -76.330161;     -5.77
        26;         13.0;      7;      0.21;      0.14;     259.96;    0.003705;      -76.333811;      -76.330106;      -76.330106;     -3.85
        27;         13.5;      7;      0.23;      0.15;      94.10;    0.001341;      -76.331409;      -76.330068;      -76.330068;     -2.50
        28;         14.0;      6;      0.20;      0.14;      12.08;    0.000172;      -76.330221;      -76.330049;      -76.330049;     -1.84
        29;         14.5;      5;      0.19;      0.14;      34.92;    0.000498;      -76.330548;      -76.330050;      -76.330050;     -1.90
        30;         15.0;      6;      0.20;      0.14;     160.94;    0.002294;      -76.332366;      -76.330072;      -76.330072;     -2.67
        31;         15.5;      7;      0.23;      0.14;     365.55;    0.005209;      -76.335324;      -76.330114;      -76.330114;     -4.14
        32;         16.0;      7;      0.21;      0.14;     602.60;    0.008587;      -76.338760;      -76.330173;      -76.330173;     -6.20
        33;         16.5;      8;      0.25;      0.14;     810.36;    0.011548;      -76.341783;      -76.330235;      -76.330235;     -8.37
        34;         17.0;      7;      0.22;      0.14;     927.21;    0.013213;      -76.343488;      -76.330274;      -76.330274;     -9.76
        35;         17.5;      8;      0.26;      0.14;     919.37;    0.013102;      -76.343362;      -76.330260;      -76.330260;     -9.25
        36;         18.0;      7;      0.31;      0.15;     810.17;    0.011545;      -76.341728;      -76.330182;      -76.330182;     -6.52
        37;         18.5;      7;      0.21;      0.14;     683.71;    0.009743;      -76.339827;      -76.330084;      -76.330084;     -3.06
        38;         19.0;      6;      0.21;      0.15;     637.86;    0.009090;      -76.339136;      -76.330046;      -76.330046;     -1.75
        39;         19.5;      6;      0.24;      0.16;     708.06;    0.010090;      -76.340196;      -76.330106;      -76.330106;     -3.85
        40;         20.0;      8;      0.24;      0.14;     835.65;    0.011909;      -76.342116;      -76.330208;      -76.330208;     -7.42
